,CID,IDSURVEY,zHD,zHDERR,zCMB,zCMBERR,zHEL,zHELERR,m_b_corr,m_b_corr_err_DIAG,MU_SH0ES,MU_SH0ES_ERR_DIAG,CEPH_DIST,IS_CALIBRATOR,USED_IN_SH0ES_HF,c,cERR,x1,x1ERR,mB,mBERR,x0,x0ERR,COV_x1_c,COV_x1_x0,COV_c_x0,RA,DEC,HOST_RA,HOST_DEC,HOST_ANGSEP,VPEC,VPECERR,MWEBV,HOST_LOGMASS,HOST_LOGMASS_ERR,PKMJD,PKMJDERR,NDOF,FITCHI2,FITPROB,m_b_corr_err_RAW,m_b_corr_err_VPEC,biasCor_m_b,biasCorErr_m_b,biasCor_m_b_COVSCALE,biasCor_m_b_COVADD
0,SN2016coj,150,0.0057,0.00084,0.00489,6e-05,0.00452,6e-05,12.6455,0.482914,31.8985,0.483668,-9.0,0,0,-0.006916,0.034309,-1.47692,0.085215,12.8717,0.0394491,0.12744,0.00463056,-0.000107973,-4.15e-05,-0.000136764,182.028,65.1772,-999.0,-999.0,-9.0,-242.803,250,0.016304,11.036,0.0,57548.1,0.1118,11,29.9128,0.00163532,0.0772,0.3209,-0.0227,0.002,1.0,0.006
1,2018gv,150,0.00602,0.00085,0.00596,0.00015,0.0051,0.00015,12.6572,0.349206,31.9102,0.350249,32.0504,1,0,-0.112311,0.031402,0.12088,0.053583,12.3829,0.0459817,0.19992,0.00846668,-0.000416767,0.000100383,-0.000208687,121.394,-11.4379,121.4085,-11.42703,64.4135008968721,-18.777,250,0.0498206,10.06,-9.0,58150.6,0.0963,28,115.071,1.61e-12,0.0694,0.3075,0.0384,0.004,1.0,0.003
2,2019np,150,0.00648,0.00084,0.0055,0.0,0.00452,0.0,13.1808,0.321157,32.4338,0.32229,32.3302,1,0,-0.025372,0.029598,0.11384,0.074387,13.1161,0.0358983,0.10176,0.00336454,-0.000187854,-1.26e-06,-8.79e-05,157.342,29.5106,157.33308,29.49183,73.12383549939922,-289.936,250,0.0172714,10.63,-9.0,58510.4,0.0507,66,66.0811,0.47404,0.0645,0.2824,-0.0219,0.003,1.0,0.004
3,2017erp,150,0.00677,0.00085,0.00727,0.00015,0.00662,0.00015,12.9199,0.370142,32.1729,0.371125,32.2221,1,0,0.071172,0.039678,0.47218,0.19972,13.0751,0.06548,0.10567,0.00637306,-0.00231035,0.000371887,-0.000196343,227.312,-11.3342,227.31704,-11.32167,48.48953348568977,147.138,250,0.0926627,10.591,-9.0,57934.9,0.3455,18,15.34,0.70076,0.0933,0.2736,-0.0476,0.005,1.0,0.016
4,ASASSN-15so,150,0.00857,0.00084,0.00773,1e-05,0.00702,1e-05,13.4997,0.266214,32.7527,0.26758,32.8026,1,0,-0.055198,0.032438,-0.714413,0.078954,13.4883,0.0382032,0.0722262,0.00254138,-0.000243409,-9.99e-06,-7.14e-05,168.546,48.3187,168.545385,48.318615,1.5037403328675145,-249.339,250,0.01263,10.95,0.001,57345.3,0.1667,19,40.9933,0.00241842,0.0727,0.2137,0.0014,0.002,1.0,0.003
5,PSNJ0717457,150,0.00861,0.00084,0.00812,1e-05,0.00759,1e-05,13.4693,0.382481,32.7223,0.383433,-9.0,0,0,0.028562,0.034936,-0.210958,0.19984,13.6936,0.0544566,0.0597801,0.00299835,0.00116827,-0.000114967,-8.48e-05,109.44,23.3446,109.420754,23.356744,77.18573860776266,-143.618,250,0.0576285,9.38921,0.001,57157.1,0.1461,4,1.38639,0.84656,0.0744,0.2128,0.0525,0.005,1.0,0.02
6,ASASSN-16jf,150,0.01096,0.00084,0.0104,1e-05,0.01144,1e-05,14.3179,0.313698,33.5709,0.314858,-9.0,0,0,-0.031719,0.042517,-1.97973,0.15325,14.6019,0.0491948,0.0258962,0.00117336,2e-05,-5.54e-05,-4.22e-05,339.247,-25.232,339.262513,-25.236411,52.954495194279964,-166.92,250,0.0203573,8.01649,0.013,57629.9,0.2221,8,25.7163,0.00117435,0.0997,0.1673,0.0376,0.004,1.0,0.008
7,AT2017cfd,150,0.01304,0.00086,0.01222,0.00016,0.01208,0.00016,14.3222,0.291315,33.5752,0.292564,-9.0,0,0,0.050626,0.034477,-0.52942,0.093523,14.5702,0.040821,0.0266644,0.00100251,-0.000302692,-9.4e-06,-2.92e-05,130.204,73.4875,130.210241,73.486765,6.912457416967521,-244.554,250,0.0190022,10.6316,0.001,57843.6,0.1046,7,37.2323,4.24e-06,0.0791,0.1441,-0.0391,0.002,1.0,0.012
8,ASASSN-16dn,150,0.01411,0.00085,0.01406,0.0001,0.01285,0.0001,14.5676,0.249416,33.8206,0.250873,-9.0,0,0,-0.093154,0.031125,0.47579,0.075765,14.3115,0.0416428,0.0338383,0.00129785,-2.57e-05,-8.17e-06,-3.47e-05,162.206,-20.2639,162.2031,-20.26319,10.121901028236174,-13.3692,250,0.0326925,8.03684,0.017,57489.9,0.0726,14,34.736,0.00160814,0.0658,0.1317,0.0497,0.002,1.0,0.006
9,ASASSN-16la,150,0.01424,0.00085,0.01424,4e-05,0.01506,4e-05,14.5914,0.264112,33.8444,0.265489,-9.0,0,0,-0.102335,0.04358,0.83157,0.13455,14.2599,0.11928,0.0354855,0.00389851,-0.000337668,4.87e-05,-0.000140405,37.3226,18.0879,37.321667,18.087806,3.2106962112196187,-1.3947,250,0.17993,8.23133,0.001,57671.7,0.1204,8,2.47053,0.96309,0.078,0.1305,0.0552,0.002,1.0,0.005
10,PSNJ2043531,150,0.01492,0.00085,0.01449,2e-05,0.01549,2e-05,14.9372,0.371694,34.1902,0.372674,-9.0,0,0,0.093402,0.043301,-2.55527,0.14723,15.7365,0.0711861,0.00910719,0.000597112,0.000584583,-1.67e-05,-1.96e-05,310.972,12.5085,310.97379,12.51192,13.826136569010915,-126.778,250,0.0857212,7.58761,0.001,57226.0,0.1665,10,19.8017,0.0311845,0.0953,0.1246,0.0811,0.008,1.0,0.035
11,SN2017jl,150,0.01525,0.00096,0.01529,0.00044,0.01633,0.00044,14.5176,0.300982,33.7706,0.30219,-9.0,0,0,-0.002342,0.034183,0.60274,0.12175,14.5129,0.0557691,0.0281099,0.00144387,8.69e-05,-1.37e-05,-3.94e-05,14.3829,30.1852,14.381299,30.185952,5.6700873298750265,11.8215,250,0.0632005,8.7366,0.008,57784.9,0.1053,8,5.71435,0.67919,0.0726,0.1377,0.039,0.002,1.0,0.013
12,ASASSN-16ad,150,0.01529,0.00085,0.01522,1e-05,0.01613,1e-05,14.7804,0.343245,34.0334,0.344305,-9.0,0,0,0.013618,0.03263,0.10511,0.073274,14.9033,0.045574,0.0196182,0.00082348,-0.000200488,2.75e-07,-2.2e-05,24.8836,33.8268,24.879896,33.824406,14.035127934241144,-21.2326,250,0.0421356,8.61292,0.002,57406.4,0.0893,14,38.575,0.000424132,0.071,0.1216,0.0439,0.002,1.0,0.016
13,ATLAS16cxr,150,0.01542,0.00131,0.01518,0.001,0.01552,0.001,15.0896,0.371909,34.3426,0.372888,-9.0,0,0,0.04603,0.03762,-0.04908,0.092512,15.3569,0.0808418,0.0129198,0.000961983,-0.000195379,2.76e-06,-2.88e-05,272.027,25.4088,272.02692,25.40884,0.2973604260147385,-72.364,250,0.11019,7.98113,0.002,57666.6,0.0907,8,20.0661,0.010089,0.0735,0.1859,0.0653,0.003,1.0,0.023
14,iPTF16auf,150,0.01543,0.00085,0.01566,0.0,0.01502,0.0,14.8214,0.313702,34.0744,0.314862,-9.0,0,0,0.048315,0.031022,0.046602,0.085019,15.0843,0.0366445,0.0166059,0.000560464,2.73e-05,-3.19e-06,-1.52e-05,217.788,27.236,217.787446,27.237292,4.977763869565937,68.1596,250,0.0130772,9.05163,0.017,57538.1,0.0959,16,65.9142,5.13e-08,0.0678,0.1205,0.068,0.003,1.0,0.023
15,ASASSN-15oh,150,0.01587,0.00085,0.01579,0.00011,0.01683,0.00011,15.1386,0.26899,34.3916,0.270341,-9.0,0,0,0.027876,0.047496,-1.58413,0.17332,15.4733,0.0973778,0.011606,0.00104092,0.000668426,-5.73e-05,-3.85e-05,337.675,39.2932,337.671253,39.291867,11.489721455284426,-24.6285,250,0.12766,10.1993,0.006,57255.9,0.2244,19,32.6009,0.0267151,0.1021,0.1172,-0.0376,0.001,1.0,0.009
16,SN2016gfr,150,0.01671,0.00086,0.0163,0.00012,0.01669,0.00012,14.6455,0.243894,33.8985,0.245383,-9.0,0,0,-0.02286,0.037602,0.12662,0.11111,14.6347,0.0828091,0.025127,0.00191643,-0.000225813,1.64e-06,-5.73e-05,274.898,23.7862,274.898621,23.787149,3.982041568776749,-122.825,250,0.11479,9.56317,0.006,57657.6,0.1821,8,16.0907,0.0410999,0.0743,0.1127,0.0261,0.001,1.0,0.009
17,ASASSN-16ip,150,0.01678,0.00085,0.01632,0.0001,0.01701,0.0001,14.9149,0.244992,34.1679,0.246475,-9.0,0,0,-0.020215,0.033544,-0.877386,0.10684,15.0537,0.0393195,0.0170807,0.000618571,-5.48e-05,-1.26e-05,-1.81e-05,36.8407,-23.9287,36.840871,-23.92876,0.6027283975819372,-135.07,250,0.016838,9.75333,0.006,57619.3,0.1387,13,46.8986,1.01e-05,0.0757,0.1109,0.0195,0.002,1.0,0.01
18,PSNJ0107203,150,0.01682,0.00085,0.01601,4e-05,0.01701,4e-05,14.7143,0.283124,33.9673,0.284408,-9.0,0,0,-0.099458,0.041404,-1.98709,0.19122,14.792,0.0590802,0.0217364,0.00118278,0.00050503,-4.29e-05,-3.8e-05,16.8346,32.3997,16.853995,32.412559,74.95285831914848,-240.34,250,0.0595594,11.0223,0.001,57352.0,0.1671,11,12.4795,0.3287,0.0954,0.1107,0.0397,0.001,1.0,0.003
19,ASASSN-15ti,150,0.01692,0.00085,0.01671,6e-05,0.01732,6e-05,15.2364,0.309138,34.4894,0.310314,-9.0,0,0,-0.042266,0.041071,-1.47904,0.10914,15.4053,0.0921956,0.0123566,0.00104926,7.15e-05,-1.18e-05,-3.42e-05,46.2858,37.9,46.29421,37.9,23.890309528840316,-61.2857,250,0.12944,8.44463,0.001,57364.1,0.1956,11,7.75279,0.73526,0.081,0.11,0.0289,0.002,1.0,0.007
20,ASASSN-15od,150,0.01698,0.00085,0.01678,1e-05,0.0176,1e-05,15.0879,0.226785,34.3409,0.228387,-9.0,0,0,-0.101117,0.035272,-1.11648,0.12954,15.0484,0.0423478,0.0171642,0.000669469,-0.000295421,-4.85e-06,-1.99e-05,35.8049,-4.5172,35.80518,-4.516944,1.3634944651829364,-57.138,250,0.0255052,9.51783,0.001,57256.4,0.3173,8,7.74803,0.45846,0.0814,0.1096,0.0561,0.002,1.0,0.005
21,ASASSN-15kx,150,0.0172,0.00085,0.01697,8e-05,0.01802,8e-05,15.3554,0.21815,34.6084,0.219814,-9.0,0,0,-0.09556,0.042094,-1.45347,0.14555,15.361,0.09954,0.0128712,0.00118003,0.000146002,-1.06e-05,-3.95e-05,334.049,37.4738,334.049529,37.474586,3.207945426113724,-70.1331,250,0.14108,10.5578,0.028,57191.6,0.1556,10,12.1339,0.2762,0.0826,0.1082,0.0342,0.001,1.0,0.003
22,ASASSN-17co,150,0.01826,0.00086,0.01791,0.00015,0.01826,0.00015,14.9475,0.279266,34.2005,0.280568,-9.0,0,0,0.10393,0.038877,-0.582812,0.15128,15.3487,0.0725288,0.0130175,0.000869585,0.000681067,-1.79e-05,-2.66e-05,272.336,18.2983,272.335765,18.297777,2.0469730815234706,-102.666,250,0.0907109,10.9028,0.001,57808.2,0.1872,7,9.01701,0.25144,0.0795,0.1032,-0.0586,0.002,1.0,0.019
23,PS15coh,150,0.01839,0.00085,0.01796,7e-05,0.01884,7e-05,15.1863,0.225289,34.4393,0.226901,-9.0,0,0,-0.036481,0.038789,1.34214,0.098652,14.9498,0.0853124,0.0187971,0.001477,-0.000625486,3.8e-06,-4.54e-05,33.9935,12.2372,33.993504,12.237269,0.24880856696925333,-126.669,250,0.11837,8.09212,0.002,57329.4,0.1155,18,12.8042,0.80307,0.0786,0.1013,0.0219,0.001,1.0,0.007
24,ATLAS16cpu,150,0.01865,0.00085,0.01851,1e-05,0.01819,1e-05,15.3186,0.238466,34.5716,0.239989,-9.0,0,0,0.037895,0.036142,-0.957574,0.16126,15.5869,0.0430103,0.0104528,0.000414077,0.000620869,-2.33e-06,-1.25e-05,227.956,46.251,227.9516,46.25386,15.032551368626295,-41.1108,250,0.0240212,10.0079,0.012,57630.9,0.3588,5,5.73414,0.33295,0.0799,0.0999,-0.0425,0.001,1.0,0.01
25,ASASSN-16cs,150,0.01905,0.00085,0.01839,1e-05,0.01802,1e-05,15.1756,0.280109,34.4286,0.281407,-9.0,0,0,0.033984,0.03809,0.28962,0.11906,15.3381,0.0833459,0.0131445,0.00100903,-0.000325933,-3.99e-06,-3.05e-05,102.653,31.1124,102.653578,31.116816,15.997100886700967,-194.645,250,0.11447,9.10557,0.002,57464.6,0.1541,7,12.9588,0.0731189,0.0772,0.0978,0.0478,0.002,1.0,0.019
26,2016W,150,0.01995,0.00085,0.01855,7e-05,0.01925,7e-05,15.1118,0.29449,34.3648,0.295725,-9.0,0,0,0.046849,0.036704,-1.42495,0.10741,15.5653,0.0558497,0.0106626,0.000548479,0.000145726,-9.12e-06,-1.58e-05,37.6655,42.236,37.660433,42.232266,19.055352294978942,-411.415,250,0.0598882,8.45606,0.002,57417.8,0.1356,10,15.7274,0.10771,0.0802,0.0934,0.0461,0.003,1.0,0.022
27,ATLAS16dqf,150,0.02034,0.00087,0.02019,0.00018,0.02117,0.00018,15.3219,0.374851,34.5749,0.375822,-9.0,0,0,0.12111,0.059385,0.80402,0.20183,15.731,0.0877374,0.00915403,0.000739729,0.000324393,-2.11e-05,-3.99e-05,317.283,-18.1039,317.28084,-18.10218,9.642041805471058,-41.7186,250,0.0602357,7.75897,0.03,57703.5,0.224,5,9.03744,0.10758,0.1163,0.0938,0.1008,0.004,1.0,0.038
28,ASASSN-15lg,150,0.02044,0.00085,0.02121,1e-05,0.02015,1e-05,15.4022,0.212886,34.6552,0.214591,-9.0,0,0,-0.082581,0.041039,-1.2315,0.1417,15.425,0.0549926,0.0121341,0.000614594,0.000258455,-1.24e-05,-2.23e-05,198.887,3.5007,198.886308,3.500772,2.5000266329123337,224.978,250,0.0265131,9.66664,0.013,57196.5,0.2988,7,13.0903,0.0699396,0.0856,0.0912,0.0441,0.001,1.0,0.006
29,PSNJ1602512,150,0.02052,0.00086,0.02039,0.00013,0.02025,0.00013,15.303,0.33281,34.556,0.333904,-9.0,0,0,0.097168,0.032136,0.34806,0.10388,15.6917,0.0379133,0.00949146,0.000331437,8.02e-05,-5.81e-06,-9.27e-06,240.714,47.2248,240.708293,47.224515,13.990440922717799,-37.1359,250,0.0145255,9.81701,0.001,57172.4,0.1017,14,27.6467,0.0158442,0.0715,0.0919,0.0872,0.003,1.0,0.034
30,ASASSN-17bs,150,0.02056,0.00085,0.02014,2e-05,0.02039,2e-05,15.3117,0.24804,34.5647,0.249505,-9.0,0,0,0.063357,0.037272,-1.01194,0.15497,15.6594,0.0635451,0.00977787,0.000572271,0.000181858,-9.86e-06,-1.65e-05,268.026,21.566,268.024537,21.569135,12.303032991438766,-125.067,250,0.0762632,10.0832,0.012,57791.1,0.1937,6,6.1574,0.40579,0.0817,0.0907,-0.0499,0.001,1.0,0.013
31,AT2016eoa,150,0.02106,0.00085,0.01993,7e-05,0.02109,7e-05,15.4163,0.229102,34.6693,0.230687,-9.0,0,0,0.007093,0.040895,-1.57505,0.16289,15.6896,0.0581236,0.00950967,0.000509089,-0.000922845,-1.02e-05,-1.57e-05,5.3461,22.4354,5.343377,22.4336,11.139573590348489,-331.623,250,0.0608809,10.2163,0.013,57615.7,0.1809,6,8.89598,0.17951,0.1002,0.0886,-0.0334,0.001,1.0,0.006
32,ASASSN-16lg,150,0.02116,0.00086,0.02093,0.00011,0.02117,0.00011,15.122,0.201286,34.375,0.203089,-9.0,0,0,-0.041446,0.03894,-1.33321,0.17568,15.2332,0.0605927,0.0144791,0.000808047,0.000281395,-2.27e-05,-2.45e-05,267.051,17.6256,267.051157,17.625255,1.3537807971210973,-66.5899,250,0.0675076,10.4449,0.001,57674.6,0.2204,6,8.95352,0.17621,0.0879,0.0892,-0.0098,0.0,1.0,0.003
33,SN2016ajf,150,0.02134,0.00085,0.01978,3e-05,0.02032,3e-05,15.5097,0.338897,34.7627,0.339971,-9.0,0,0,0.20266,0.050455,-2.93112,0.17108,16.5392,0.10146,0.00434839,0.000406352,0.000214686,-9.98e-06,-1.55e-05,49.9771,41.565,49.975526,41.563465,6.965017882863921,-460.506,250,0.14138,11.5,0.001,57442.2,0.2824,12,51.6405,7.18e-07,0.1089,0.0874,-0.082,0.032,1.0,0.028
34,ASASSN-15uv,150,0.02153,0.00085,0.02104,2e-05,0.02028,2e-05,15.3584,0.392396,34.6114,0.393324,-9.0,0,0,0.27395,0.032925,0.26468,0.12635,16.3538,0.0430154,0.00515808,0.000204356,-4.75e-05,-1.09e-06,-5.79e-06,126.784,27.8116,126.784087,27.810466,4.091788048713839,-143.28,250,0.0286457,9.45815,0.001,57392.5,0.1873,18,18.6205,0.41553,0.0717,0.0866,0.1349,0.015,1.0,0.05
35,ATLAS16dpb,150,0.02215,0.00085,0.02238,3e-05,0.02309,3e-05,15.7951,0.287366,35.0481,0.288632,-9.0,0,0,0.098219,0.049178,-2.54831,0.2206,16.4648,0.10901,0.00465672,0.000467533,-0.00123046,4.95e-06,-1.66e-05,44.3919,5.9782,44.390287,5.976963,7.292752239392532,68.0666,250,0.16073,10.8735,0.0,57689.3,0.5896,7,17.9054,0.0219471,0.1137,0.0842,-0.0624,0.004,1.0,0.018
36,ASASSN-17aj,150,0.02255,0.00086,0.02253,0.00011,0.02127,0.00011,15.4776,0.241638,34.7306,0.243141,-9.0,0,0,0.00592,0.033153,0.1408,0.13185,15.5584,0.0442677,0.010731,0.000437526,0.00028422,-9.86e-06,-1.2e-05,173.294,-10.2218,173.294083,-10.228816,25.259311638720874,-6.6903,250,0.0359668,7.0,0.014,57773.1,0.1394,8,20.6062,0.0082705,0.0734,0.0837,0.0309,0.001,1.0,0.014
37,AT2017cfb,150,0.02266,0.00085,0.02382,1e-05,0.0229,1e-05,15.5908,0.218888,34.8438,0.220547,-9.0,0,0,-0.076928,0.033144,0.9422,0.1487,15.3027,0.0410039,0.0135806,0.000512886,-0.000345163,-4.55e-06,-1.41e-05,208.528,9.4128,208.536556,9.412739,30.387672560336277,339.032,250,0.028389,8.97146,0.013,57836.8,0.2723,7,7.70642,0.35919,0.0781,0.0824,0.0364,0.001,1.0,0.006
38,ASASSN-15il,150,0.02295,0.00087,0.02374,0.00015,0.02331,0.00015,15.6054,0.19945,34.8584,0.20127,-9.0,0,0,-0.11218,0.04066,1.24762,0.12464,15.1833,0.10222,0.015159,0.00142718,7.31e-06,-1.39e-05,-4.62e-05,239.284,-12.6733,239.283804,-12.673672,1.505774417512769,232.326,250,0.14964,9.87434,0.002,57161.4,0.1944,12,39.3529,9.2e-05,0.08,0.0833,0.0565,0.001,1.0,0.005
39,PS15cku,150,0.02325,0.00086,0.02222,7e-05,0.02327,7e-05,15.8007,0.22811,35.0537,0.229702,-9.0,0,0,-0.010924,0.034209,0.75555,0.14045,15.7328,0.0409601,0.00913877,0.000344766,-0.000188493,-3.37e-06,-1e-05,21.0939,3.5876,21.093329,3.588014,2.535789690328643,-301.9,250,0.022645,9.13095,0.011,57319.3,0.2875,12,22.3063,0.0342274,0.0789,0.0812,0.0249,0.001,1.0,0.011
40,ASASSN-15nr,150,0.02344,0.00087,0.02309,0.00018,0.0232,0.00018,15.5801,0.262385,34.8331,0.263771,-9.0,0,1,0.028589,0.039662,1.20679,0.19025,15.5816,0.0829089,0.0105042,0.000802121,0.000708509,-1.5e-05,-2.54e-05,261.674,13.9098,261.672978,13.909741,3.5776187601511893,-101.959,250,0.11158,9.88465,0.013,57250.1,0.1506,8,10.0364,0.26248,0.0792,0.0815,0.0387,0.002,1.0,0.018
41,ATLAS17bas,150,0.02357,0.00085,0.02331,1e-05,0.02222,1e-05,15.3185,0.260349,34.5715,0.261746,-9.0,0,1,0.027298,0.033387,0.80072,0.12208,15.3776,0.0398948,0.0126753,0.000465747,-5.06e-06,-1.08e-05,-1.33e-05,166.898,22.8514,166.899002,22.852325,4.70514486355366,-76.1109,250,0.0196324,8.18544,0.001,57813.2,0.1451,7,13.4349,0.0621951,0.0761,0.0792,0.0404,0.001,1.0,0.018
42,ASASSN-15tz,150,0.02365,0.00085,0.0222,3e-05,0.02286,3e-05,15.7013,0.272706,34.9543,0.274039,-9.0,0,1,0.11405,0.045533,-1.51814,0.1542,16.2645,0.10167,0.0056004,0.000524417,0.000460562,-1e-05,-1.9e-05,40.287,43.6802,40.288913,43.682697,10.2767110130575,-424.049,250,0.14106,10.1999,0.005,57376.1,0.1787,8,3.81395,0.87351,0.0899,0.079,-0.0659,0.002,1.0,0.019
43,ASASSN-15jt,150,0.0239,0.00085,0.02396,1e-05,0.02306,1e-05,15.636,0.402793,34.889,0.403697,-9.0,0,0,0.21149,0.039406,-2.32675,0.14299,16.753,0.0441825,0.00357119,0.000145325,0.000494532,-4.95e-06,-5e-06,197.038,27.8264,197.03794,27.82661,0.7797583093207064,17.4705,250,0.00965878,9.91542,0.001,57169.8,0.1876,14,40.221,0.000235644,0.0885,0.0781,0.0673,0.023,1.0,0.05
44,ASASSN-16em,150,0.0239,0.00086,0.02296,9e-05,0.02302,9e-05,15.741,0.276066,34.994,0.277383,-9.0,0,0,0.044848,0.038546,0.43976,0.13077,15.9178,0.0849831,0.00770674,0.000603224,-0.000718777,4.94e-06,-1.87e-05,203.057,84.6783,203.055167,84.678528,1.0238499130729348,-275.079,250,0.11701,8.53565,0.014,57500.8,0.1545,11,46.2396,2.93e-06,0.077,0.0791,0.0506,0.002,1.0,0.022
45,AT2016bln,150,0.02429,0.00085,0.02425,3e-05,0.0233,3e-05,15.8241,0.193541,35.0771,0.195416,-9.0,0,0,-0.005445,0.032638,1.12918,0.12003,15.6529,0.0409001,0.00983667,0.000370551,-0.000132922,-8.46e-06,-1.03e-05,203.689,13.8539,203.73292,13.8325,171.7655351430227,-12.0915,250,0.0250197,10.4738,0.209,57499.6,0.0892,16,38.3013,0.00137056,0.0746,0.0769,-0.0402,0.001,1.0,0.005
46,ASASSN-15sf,150,0.02432,0.00131,0.02349,0.001,0.02468,0.001,15.9787,0.23365,35.2317,0.235205,-9.0,0,1,-0.069691,0.032833,0.87267,0.13555,15.7165,0.0413885,0.00927729,0.000353653,6.67e-05,-1.17e-05,-9.62e-06,2.865,-6.4273,2.86433,-6.43041,11.44968258214319,-241.913,250,0.0263781,8.21725,0.034,57333.3,0.1668,10,36.4549,7.03e-05,0.0762,0.1184,0.0296,0.001,1.0,0.006
47,PS16ccn,150,0.02457,0.00087,0.02395,0.00016,0.02431,0.00016,15.9254,0.187175,35.1784,0.189112,-9.0,0,1,-0.125246,0.035357,0.37785,0.11105,15.6057,0.0558374,0.0102734,0.000528342,-0.000445957,1.63e-06,-1.54e-05,273.122,31.2799,,,,-183.015,250,0.0577757,7.58621,0.013,57508.6,0.2459,18,41.8436,0.00116288,0.075,0.0778,0.0709,0.001,1.0,0.004
48,ASASSN-16hz,150,0.02466,0.00087,0.02406,0.00015,0.02531,0.00015,15.5582,0.316446,34.8112,0.317595,-9.0,0,1,0.09128,0.034225,-0.271228,0.12153,15.9978,0.0471584,0.00715947,0.000310968,-0.000462661,5.52e-06,-8.67e-06,348.94,-1.3396,348.940188,-1.337094,9.046937404864819,-175.764,250,0.0311734,9.55271,0.002,57605.3,0.4073,8,8.6616,0.37164,0.0761,0.0775,0.0649,0.003,1.0,0.032
49,Gaia16agf,150,0.02509,0.00086,0.02553,2e-05,0.02507,2e-05,15.9622,0.267166,35.2152,0.268527,-9.0,0,1,0.037954,0.034382,1.3638,0.14605,15.9737,0.0527444,0.00732001,0.000355602,3.03e-05,-7.01e-06,-9.67e-06,98.5373,-25.1846,,,,130.452,250,0.0571243,8.65931,0.1,57455.9,0.1672,10,13.7941,0.18259,0.0772,0.0754,0.043,0.002,1.0,0.02
50,AT2017cfc,150,0.02512,0.00087,0.02499,0.00016,0.02402,0.00016,15.7746,0.188272,35.0276,0.190198,-9.0,0,0,-0.006368,0.032331,-0.915129,0.095605,15.912,0.0440503,0.00774839,0.000314366,-1.22e-05,-2.42e-06,-8.19e-06,208.163,-2.0022,208.165879,-1.997546,19.697713138389418,-39.4698,250,0.0400918,10.4655,0.0,57837.6,0.1193,12,29.0901,0.00382045,0.0718,0.0761,-0.0303,0.001,1.0,0.005
51,ASASSN-16bq,150,0.02534,0.00086,0.02582,1e-05,0.02493,1e-05,15.9352,0.174626,35.1882,0.176701,-9.0,0,0,-0.052867,0.034074,-1.67717,0.070301,16.0681,0.0451419,0.00671057,0.000279007,-0.000190497,-2.73e-06,-8.13e-06,212.86,1.286,212.859299,1.28652,3.1416129820656273,141.164,250,0.0330339,10.6831,0.001,57437.8,0.193,24,24.9616,0.40785,0.0736,0.0746,-0.0035,0.0,1.0,0.003
52,PS15ahs,150,0.02534,0.00086,0.02522,4e-05,0.02551,4e-05,15.9444,0.183966,35.1974,0.185937,-9.0,0,1,-0.091254,0.031897,0.17315,0.097042,15.7344,0.040576,0.00912508,0.000341021,-0.000162818,-2.51e-06,-9.23e-06,269.874,43.3901,269.87396,43.39192,6.552835915559269,-36.7715,250,0.0308673,9.35319,0.015,57156.7,0.1114,10,22.6525,0.0121047,0.0709,0.0746,0.0453,0.001,1.0,0.005
53,PSNJ0153424,150,0.02556,0.00085,0.02474,1e-05,0.02565,1e-05,15.9298,0.23216,35.1828,0.233724,-9.0,0,1,0.069316,0.033712,-0.609377,0.09066,16.2304,0.0481898,0.00577895,0.000256496,-0.000140587,-1.77e-06,-7.07e-06,28.4267,29.9363,28.425992,29.933299,11.027078104512588,-237.62,250,0.0465803,10.2733,0.001,57393.6,0.1038,10,19.6557,0.0326823,0.0733,0.0731,-0.0561,0.001,1.0,0.014
54,SN2017hn,150,0.02557,0.00085,0.02492,1e-05,0.02385,1e-05,15.8091,0.188251,35.0621,0.190177,-9.0,0,1,-0.027287,0.035539,0.62439,0.21566,15.6562,0.0432661,0.00980663,0.00039079,-0.000558218,-7.16e-06,-1.15e-05,196.914,6.3376,196.914157,6.335999,5.790910081032854,-189.322,250,0.0283978,10.8634,0.001,57768.2,0.399,5,3.34465,0.64701,0.0887,0.0731,-0.0288,0.001,1.0,0.003
55,SN2017ms,150,0.02591,0.00086,0.02538,1e-05,0.02448,1e-05,15.8651,0.198351,35.1181,0.200181,-9.0,0,1,-0.120033,0.033733,0.43188,0.23212,15.5491,0.0375811,0.0108229,0.000374618,-0.000178095,-1.91e-05,-9.24e-06,156.676,36.6805,156.674963,36.681448,4.539913091876406,-156.121,250,0.00854963,8.61119,0.002,57782.3,0.3625,4,21.5039,0.000650383,0.092,0.073,0.0665,0.001,1.0,0.005
56,PSNJ2352371,150,0.02596,0.00085,0.02525,1e-05,0.02648,1e-05,16.1484,0.198664,35.4014,0.200491,-9.0,0,0,-0.013533,0.040167,-2.03886,0.13735,16.4324,0.0509978,0.00479758,0.000225346,-6.92e-06,-4.52e-06,-7.38e-06,358.155,14.5525,358.1517,14.551439,12.116676434547568,-208.216,250,0.0355061,10.5389,0.005,57284.0,0.4607,10,24.9873,0.00536969,0.0917,0.072,-0.0273,0.001,1.0,0.004
57,SN2017mf,150,0.02598,0.00086,0.02618,1e-05,0.02561,1e-05,16.0581,0.176679,35.3111,0.17873,-9.0,0,1,-0.027296,0.033476,-0.158018,0.14413,16.0258,0.0376897,0.00697691,0.000242193,0.00011409,-6.39e-07,-6.76e-06,214.129,39.5864,214.13248,39.589132,13.782027682517455,59.0114,250,0.00942174,10.508,0.013,57779.1,0.3612,7,16.024,0.024898,0.0775,0.0728,-0.0236,0.001,1.0,0.003
58,ASASSN-15uu,150,0.02632,0.00086,0.02579,1e-05,0.02678,1e-05,15.7693,0.371366,35.0223,0.372346,-9.0,0,0,0.16344,0.0376,0.96417,0.18413,16.2928,0.0562213,0.00545626,0.000282535,-0.00062975,2.79e-07,-8.27e-06,25.9859,17.0626,25.985723,17.062056,2.050952020391147,-153.683,250,0.0588113,9.70579,0.007,57389.7,0.4004,8,33.4175,5.18e-05,0.0883,0.0719,0.1079,0.005,1.0,0.045
59,ASASSN-15mf,150,0.02695,0.00086,0.02691,1e-05,0.02604,1e-05,15.8654,0.179348,35.1184,0.181369,-9.0,0,0,-0.023271,0.034768,-1.14563,0.16636,15.9904,0.0442641,0.00720849,0.000293881,-0.000222012,2.96e-06,-8.33e-06,213.595,2.9755,213.59584,2.97544,3.027638925279614,-14.0106,250,0.0317787,10.9913,0.001,57212.5,0.3922,10,19.9159,0.0465071,0.0802,0.0702,-0.0245,0.0,1.0,0.004
60,ASASSN-17at,150,0.02713,0.00086,0.02643,1e-05,0.02537,1e-05,15.9983,0.184798,35.2513,0.18676,-9.0,0,1,-0.02295,0.034274,-1.46792,0.27096,16.1718,0.0407156,0.00609918,0.000228722,0.000158751,-3.19e-06,-6.68e-06,174.64,25.3971,174.640408,25.398094,3.8164732630815696,-204.188,250,0.0236917,10.1022,0.0,57776.8,0.4103,6,15.9545,0.025535,0.0846,0.0698,-0.0245,0.0,1.0,0.004
61,ASASSN-15fa,150,0.02741,0.00086,0.02721,1e-05,0.02734,1e-05,16.2706,0.223713,35.5236,0.225337,-9.0,0,0,0.053892,0.034025,0.83709,0.22502,16.3063,0.0425571,0.0053888,0.000211222,-0.000486078,5.62e-06,-6.01e-06,257.442,62.9743,257.433646,62.973035,14.404622884114442,-57.8254,250,0.0235997,10.6915,0.001,57102.0,0.4594,8,4.27584,0.89234,0.0813,0.0691,-0.0599,0.001,1.0,0.012
62,ASASSN-16av,150,0.02773,0.00086,0.02676,7e-05,0.02567,7e-05,16.0937,0.288615,35.3467,0.289875,-9.0,0,0,0.16057,0.036869,0.78114,0.21354,16.438,0.0463055,0.00477325,0.000203574,-0.000823663,5.43e-07,-6.22e-06,177.868,22.0261,177.867624,22.025975,1.333053945140561,-284.498,250,0.0236045,10.9106,0.001,57409.6,0.4094,6,19.855,0.00293881,0.09,0.0683,-0.0894,0.002,1.0,0.024
63,PSNJ0252467,150,0.02816,0.00086,0.02748,3e-05,0.02809,3e-05,16.1083,0.188706,35.3613,0.190628,-9.0,0,1,-0.098566,0.044015,-0.242102,0.14107,15.943,0.1139,0.00753016,0.000789942,-0.000202164,1.66e-06,-2.82e-05,43.1946,46.9464,43.18515,46.938107,37.825735722259175,-197.78,250,0.17,7.0,0.083,57289.7,0.2651,10,51.4588,1.44e-07,0.0828,0.0672,0.0514,0.001,1.0,0.005
64,AT2017ns,150,0.02849,0.00094,0.02802,0.0004,0.02877,0.0004,15.9433,0.365609,35.1963,0.366604,-9.0,0,0,0.2265,0.042867,-0.966399,0.26699,16.8426,0.0752493,0.00328825,0.000227899,0.00235193,-1.25e-05,-7.53e-06,42.2932,14.6008,42.292366,14.600972,2.9706879990618953,-138.084,250,0.0936689,9.90071,0.007,57784.2,0.2481,5,10.4543,0.0633394,0.0921,0.0727,0.0039,0.018,1.0,0.049
65,SN2017ckx,150,0.02858,0.00086,0.02779,0.0,0.02716,0.0,16.4066,0.249928,35.6596,0.251383,-9.0,0,0,-0.032273,0.039452,1.97167,0.55096,16.0369,0.0504237,0.00690624,0.000320739,-0.00366412,-7.19e-05,-8.87e-06,117.045,28.2307,117.045705,28.230312,2.6365198166311883,-229.768,250,0.0294114,10.2137,0.001,57846.2,0.9346,5,6.76283,0.23889,0.1486,0.0663,-0.0314,0.001,1.0,0.003
66,ASASSN-15la,150,0.02902,0.00086,0.02845,1e-05,0.02782,1e-05,15.8028,0.21699,35.0558,0.218663,-9.0,0,1,0.053166,0.034029,-1.01539,0.22257,16.109,0.0397499,0.00646223,0.000236589,0.00100247,-7.97e-06,-6.98e-06,213.213,35.7112,213.21349,35.71089,1.8157631739297742,-166.734,250,0.01626,10.5989,0.125,57190.0,0.2456,9,28.8126,0.00069692,0.0772,0.0653,-0.0604,0.001,1.0,0.011
67,PS16cvc,150,0.02915,0.00086,0.02844,9e-05,0.02954,9e-05,16.4418,0.181346,35.6948,0.183345,-9.0,0,1,-0.099116,0.036324,1.16607,0.13242,16.0629,0.0673696,0.006743,0.000418401,-0.000998739,4.37e-06,-1.2e-05,318.097,14.7793,318.095803,14.778781,4.566377333519157,-206.273,250,0.0823755,7.95752,0.258,57564.5,0.3466,23,83.2724,9.3e-09,0.0796,0.065,0.0472,0.001,1.0,0.005
68,ASASSN-15fs,150,0.02917,0.00086,0.0285,5e-05,0.02902,5e-05,15.9861,0.183851,35.2391,0.185823,-9.0,0,1,0.006798,0.034783,-0.021703,0.13116,16.0172,0.0620571,0.00703289,0.000401977,0.000172452,-1.73e-06,-1.1e-05,284.67,43.4689,284.669375,43.468356,2.549868153879684,-196.215,250,0.0774664,10.0517,0.001,57113.4,0.2092,11,34.7234,0.000275213,0.0723,0.0649,-0.0456,0.001,1.0,0.006
69,ASASSN-16ay,150,0.02938,0.00086,0.02895,1e-05,0.02835,1e-05,16.3692,0.298748,35.6222,0.299966,-9.0,0,0,0.20461,0.036502,0.97889,0.17432,16.7839,0.0586329,0.00347084,0.000187435,-0.000825739,3.7e-06,-5.38e-06,108.059,7.2395,108.063032,7.241038,15.427269560801628,-124.578,250,0.059207,10.3341,0.001,57416.7,0.5744,8,10.7323,0.21734,0.0827,0.0645,-0.126,0.004,1.0,0.027
70,PSNJ0859349,150,0.02938,0.00086,0.02874,1e-05,0.02812,1e-05,16.219,0.224134,35.472,0.225755,-9.0,0,1,0.064272,0.033467,-0.88688,0.13659,16.5366,0.0398645,0.00435888,0.000160043,0.000208879,-2.1e-06,-4.52e-06,134.895,45.9259,134.893969,45.926744,3.9871258970674797,-185.72,250,0.0208491,10.2177,0.01,57099.4,0.2334,8,18.8488,0.0156893,0.0755,0.0645,-0.0644,0.001,1.0,0.013
71,ASASSN-16fs,150,0.02944,0.00086,0.0299,1e-05,0.0292,1e-05,16.0231,0.178889,35.2761,0.180915,-9.0,0,0,-0.026148,0.037071,-1.34003,0.13534,16.1675,0.0483575,0.00612322,0.000272722,-0.000334381,1.15e-06,-8.02e-06,221.777,11.5949,221.776339,11.593805,4.5796439013959604,135.19,250,0.0278596,11.2163,0.002,57542.3,0.4084,9,15.0039,0.0908293,0.0856,0.0644,-0.0248,0.0,1.0,0.003
72,ASASSN-16aj,150,0.02953,0.00086,0.03053,8e-05,0.03075,8e-05,16.2124,0.175805,35.4654,0.177866,-9.0,0,0,-0.020436,0.03705,-1.76764,0.15936,16.4313,0.0496699,0.00480276,0.000219715,-2.81e-05,8.01e-07,-7.26e-06,65.4509,-15.7554,65.448417,-15.755506,8.611422579645826,289.93,250,0.0281744,10.9323,0.006,57401.9,0.4278,18,9.0189,0.9593,0.0773,0.0642,-0.0311,0.001,1.0,0.004
73,ASASSN-16br,150,0.02956,0.00087,0.029,0.00015,0.02852,0.00015,16.2534,0.188976,35.5064,0.190895,-9.0,0,0,-0.056094,0.040248,0.82071,0.10738,16.032,0.0961228,0.00693772,0.000614212,-0.000706879,2.95e-06,-2e-05,236.376,-13.1528,236.377108,-13.151566,5.900990484738197,-162.175,250,0.13795,9.6179,0.002,57439.7,0.1317,14,15.9991,0.31343,0.0783,0.0648,0.0207,0.001,1.0,0.006
74,AT2017zd,150,0.02969,0.00087,0.03048,0.00015,0.02947,0.00015,16.0251,0.192235,35.2781,0.194122,-9.0,0,0,-0.056015,0.035708,0.19005,0.12127,15.8994,0.0606162,0.00783846,0.000437618,-0.000191646,-4.89e-06,-1.21e-05,203.176,-21.8011,203.175654,-21.800955,1.2688584359021085,230.524,250,0.0727505,9.91749,0.001,57793.1,0.1222,9,23.24,0.00567924,0.0788,0.0646,0.0232,0.001,1.0,0.006
75,ATLAS17ajn,150,0.02978,0.00086,0.02988,3e-05,0.02871,3e-05,16.2586,0.188868,35.5116,0.190788,-9.0,0,0,-0.115244,0.044132,-2.02735,0.12978,16.2993,0.0788918,0.00542373,0.0003941,0.000127933,-1.3e-05,-1.3e-05,176.111,-28.4574,176.107896,-28.462111,19.599462619302944,28.509,250,0.0646491,10.6465,0.013,57776.6,0.5886,10,18.8509,0.0638228,0.0991,0.0636,0.0455,0.001,1.0,0.002
76,Gaia16bba,150,0.0299,0.00086,0.02934,9e-05,0.03046,9e-05,16.1824,0.183358,35.4354,0.185335,-9.0,0,1,-0.062035,0.036432,0.007502,0.12781,16.0666,0.0544101,0.00671964,0.000336745,-0.000985311,7.43e-06,-1.04e-05,15.398,17.1013,15.399042,17.101139,3.6318918212864815,-161.216,250,0.0400056,7.97207,0.023,57627.1,0.5274,8,13.2362,0.15221,0.0785,0.0634,0.0248,0.001,1.0,0.006
77,ASASSN-15nq,150,0.03023,0.00086,0.03025,1e-05,0.03036,1e-05,16.2655,0.163802,35.5185,0.166012,-9.0,0,0,-0.090459,0.033617,-0.336729,0.13348,16.1114,0.0454819,0.0064484,0.000270126,0.000372327,-7.12e-06,-7.49e-06,259.33,33.4621,259.3284,33.463142,6.096062299781492,4.0424,250,0.0398663,10.6826,0.013,57247.6,0.1482,8,20.1169,0.0099028,0.074,0.0627,0.0235,0.001,1.0,0.002
78,AT2017lm,150,0.03031,0.00086,0.03002,6e-05,0.03064,6e-05,16.3012,0.214581,35.5542,0.216273,-9.0,0,1,-0.016333,0.036082,1.07786,0.31691,16.1577,0.0537933,0.00617899,0.000306141,0.00065026,-7.99e-06,-8.67e-06,45.3849,-15.016,45.38498,-15.017257,4.533742268167733,-83.3033,250,0.0587575,9.52589,0.013,57778.8,0.4514,4,4.15494,0.38544,0.0891,0.0625,0.0136,0.001,1.0,0.01
79,ASASSN-16fo,150,0.03036,0.00088,0.02994,0.00021,0.0289,0.00021,16.2273,0.171694,35.4803,0.173804,-9.0,0,0,-0.127449,0.032922,0.62311,0.17769,15.8449,0.0415527,0.00824219,0.000315441,-0.000103323,-4.22e-06,-8.42e-06,203.149,-5.2725,203.14908,-5.27267,0.6758603333134483,-122.179,250,0.0268325,10.0329,0.001,57539.9,0.4086,10,19.1168,0.038804,0.0786,0.0639,0.0512,0.001,1.0,0.002
80,AT2016cyt,150,0.03059,0.00086,0.02965,9e-05,0.03074,9e-05,16.1056,0.162287,35.3586,0.164518,-9.0,0,0,-0.09905,0.034635,-1.7723,0.08762,16.1442,0.05908,0.00625641,0.000340441,5.54e-05,-4.18e-06,-9.2e-06,317.399,15.1255,317.401107,15.124993,7.546480244290233,-274.78,250,0.0716183,10.685,0.001,57580.5,0.1242,26,36.853,0.077061,0.0737,0.062,0.031,0.001,1.0,0.002
81,ASASSN-15uw,150,0.03076,0.00087,0.03004,0.00015,0.03081,0.00015,16.3554,0.21095,35.6084,0.212671,-9.0,0,0,0.045816,0.034032,-0.702146,0.13127,16.5948,0.0396924,0.00413112,0.000151026,-0.00038119,-1.69e-06,-4.25e-06,38.893,-6.0629,38.89315,-6.063895,3.622026744881259,-208.768,250,0.0231664,10.3471,0.001,57393.2,0.1839,9,15.0361,0.0899494,0.0813,0.0623,-0.0582,0.001,1.0,0.01
82,ASASSN-16hr,150,0.03083,0.00086,0.0298,1e-05,0.03086,1e-05,16.2118,0.277436,35.4648,0.278746,-9.0,0,1,0.054686,0.038983,1.05225,0.19827,16.3179,0.0799116,0.0053313,0.00039239,-0.000402036,-1.82e-06,-1.16e-05,336.382,38.9844,336.381636,38.98385,2.226644314560338,-300.269,250,0.10526,9.46113,0.003,57597.1,0.033,9,7.82678,0.55169,0.0871,0.0615,0.0399,0.002,1.0,0.023
83,PS15cwx,150,0.03086,0.00087,0.03007,0.00011,0.03007,0.00011,16.1634,0.182859,35.4164,0.184841,-9.0,0,0,-0.076494,0.044047,-1.43085,0.088273,16.2028,0.10406,0.00592792,0.000568155,-0.000819331,-1.07e-06,-1.95e-05,78.6992,7.0504,78.699604,7.04807,8.511285558660859,-232.022,250,0.14867,10.0401,0.001,57348.5,0.3365,20,14.1236,0.82418,0.0907,0.0621,0.0124,0.0,1.0,0.002
84,AT2017wb,150,0.03117,0.00086,0.03093,8e-05,0.03065,8e-05,16.2774,0.282294,35.5304,0.283582,-9.0,0,0,0.065589,0.033306,1.3617,0.16081,16.3747,0.0400489,0.00505953,0.000186628,-0.000166163,-5.81e-06,-5.23e-06,165.331,70.6649,165.33326,70.665297,3.049403854233954,-70.0187,250,0.0212494,9.28082,0.014,57790.1,0.2213,14,23.3958,0.0541262,0.0797,0.0608,0.043,0.003,1.0,0.025
85,MASTEROTJ08,150,0.03118,0.00087,0.03156,0.00015,0.03059,0.00015,16.4145,0.17243,35.6675,0.174531,-9.0,0,0,-0.038482,0.040854,-0.018273,0.17632,16.3293,0.0638763,0.00527579,0.000310387,-0.00113121,1.61e-05,-1.07e-05,128.237,-3.8579,128.238739,-3.858195,6.335852625308264,111.161,250,0.0313373,10.638,0.1,57803.9,0.8505,3,6.38778,0.172,0.0844,0.0615,-0.0213,0.001,1.0,0.003
86,ASASSN-15hg,150,0.03143,0.00086,0.03107,1e-05,0.02992,1e-05,16.3931,0.194347,35.6461,0.196214,-9.0,0,1,0.011862,0.035988,-1.28742,0.13594,16.6256,0.0503451,0.00401584,0.000186213,-0.000261138,-8.05e-07,-5.01e-06,148.452,9.1939,148.45513,9.19379,11.130291622287794,-105.007,250,0.0420214,10.2789,0.006,57131.5,0.0208,10,11.5475,0.31648,0.0852,0.0603,-0.0466,0.001,1.0,0.006
87,ATLAS17axb,150,0.03143,0.00087,0.03264,0.0001,0.03165,0.0001,16.3072,0.183588,35.5602,0.185563,-9.0,0,1,-0.102111,0.038173,-0.127194,0.14813,16.1111,0.0717496,0.00645015,0.00042625,-0.000343842,-3.09e-06,-1.27e-05,205.847,-19.9437,205.845937,-19.943715,3.5977045861044243,351.466,250,0.0940993,9.60754,0.002,57796.7,0.2355,6,14.6283,0.0233537,0.0826,0.061,0.0485,0.001,1.0,0.005
88,CSS160428,150,0.03148,0.00087,0.03081,0.00015,0.03029,0.00015,16.4487,0.162055,35.7017,0.164289,-9.0,0,1,-0.057822,0.032365,0.8256,0.14949,16.1861,0.0364702,0.00601971,0.000202204,-0.000185429,-1.49e-06,-5.65e-06,200.78,52.6491,200.780258,52.649481,1.4828383946979957,-196.002,250,0.00952833,10.078,0.1,57517.6,0.2586,10,20.184,0.0275592,0.076,0.0609,-0.0144,0.001,1.0,0.003
89,ASASSN-16oz,150,0.03192,0.00218,0.03207,0.002,0.031,0.002,16.2062,0.274741,35.4592,0.276064,-9.0,0,1,-0.039578,0.036562,1.49117,0.18574,15.9323,0.0501589,0.00760498,0.000351335,0.000772264,-1.5e-05,-1e-05,135.056,-13.634,135.054958,-13.634306,3.808299725611462,42.8736,250,0.0468263,8.01111,0.008,57749.9,0.2813,7,5.28065,0.62576,0.0844,0.1506,0.016,0.001,1.0,0.006
90,AT2017po,150,0.03255,0.00086,0.03201,1e-05,0.03183,1e-05,16.323,0.194953,35.576,0.196814,-9.0,0,1,-0.0745,0.036728,0.21503,0.2454,16.1447,0.0462986,0.00625354,0.000266667,-0.000222569,-4.06e-06,-6.9e-06,240.965,39.9901,240.967306,39.984443,21.33537789529032,-156.239,250,0.0119043,8.98827,0.082,57784.3,0.0472,6,18.9048,0.00849089,0.0968,0.0583,0.0314,0.001,1.0,0.005
91,ASASSN-15pr,150,0.03264,0.00087,0.03189,0.00015,0.03309,0.00015,16.6552,0.19632,35.9082,0.198168,-9.0,0,1,-0.055939,0.044616,-0.669639,0.2244,16.6543,0.0661809,0.00391077,0.00023838,-0.0049346,3.22e-05,-1.01e-05,346.664,-12.5728,346.665058,-12.573119,3.8908030823767774,-217.887,250,0.0294079,9.55707,0.002,57282.9,0.837,8,12.6701,0.17811,0.0952,0.0588,0.0209,0.001,1.0,0.006
92,SN2016hpx,150,0.03282,0.00098,0.0337,0.00046,0.03338,0.00046,16.3799,0.202232,35.6329,0.204026,-9.0,0,1,-0.028927,0.037089,0.83599,0.1692,16.2306,0.0476938,0.00577786,0.000253808,0.000675607,-1.48e-05,-8.03e-06,90.8194,-26.8986,90.818333,-26.898611,3.4258439582333446,254.849,250,0.0245107,9.09468,0.013,57703.9,0.2153,5,15.2925,0.00918294,0.0832,0.0659,0.0111,0.001,1.0,0.008
93,SN2017cii,150,0.03289,0.00086,0.03337,1e-05,0.03323,1e-05,16.5851,0.176607,35.8381,0.178659,-9.0,0,1,-0.115009,0.036509,0.33544,0.15317,16.2878,0.0600732,0.00548104,0.000303263,-0.00124793,1.18e-05,-9.17e-06,248.333,23.7313,248.33317,23.732315,3.6966988493204584,138.77,250,0.0579897,8.8988,0.002,57837.4,0.5833,8,14.0151,0.0813729,0.078,0.0577,0.0555,0.001,1.0,0.004
94,ASASSN-16bc,150,0.03298,0.00087,0.03314,0.00015,0.03194,0.00015,16.3634,0.165831,35.6164,0.168015,-9.0,0,0,-0.159366,0.033395,0.5932,0.12076,15.9166,0.0472603,0.00771546,0.000335841,-0.000293786,-4.71e-06,-8.86e-06,181.357,-21.4004,181.353742,-21.399209,11.731746798881968,45.2689,250,0.0477731,10.3011,0.002,57430.1,0.1267,10,50.2166,2.44e-07,0.0773,0.0582,0.0811,0.002,1.0,0.002
95,PS15bsq,150,0.03371,0.00086,0.03309,2e-05,0.0343,2e-05,16.5267,0.1574,35.7797,0.159699,-9.0,0,1,-0.069085,0.033475,0.51225,0.13182,16.2831,0.0419123,0.00550476,0.000212498,0.000102345,-5.6e-06,-5.88e-06,355.467,-8.6379,355.469247,-8.648099,37.577273076469545,-179.377,250,0.029599,10.9397,0.013,57262.9,0.1232,8,8.30139,0.4046,0.0769,0.0563,-0.0068,0.001,1.0,0.002
96,ASASSN-16dw,150,0.03437,0.00088,0.03565,0.00015,0.03466,0.00015,16.5307,0.215389,35.7837,0.217075,-9.0,0,1,0.054822,0.034758,-0.229019,0.14442,16.7191,0.0487269,0.0036843,0.000165348,-0.000513015,1.29e-06,-4.66e-06,202.503,-27.9739,202.505,-27.97492,7.342823815089647,371.74,250,0.0456106,10.1423,0.001,57482.8,0.3596,12,19.2588,0.0824708,0.079,0.0565,-0.0673,0.001,1.0,0.011
97,ATLAS17ajs,150,0.03451,0.00086,0.0337,1e-05,0.03265,1e-05,16.7227,0.357064,35.9757,0.358083,-9.0,0,0,0.17557,0.03821,1.82151,0.3865,17.0898,0.0468874,0.00261858,0.000113083,-0.00298806,1.29e-05,-3.59e-06,171.977,27.3458,171.98019,27.34702,11.105949781614713,-232.655,250,0.0154495,9.50928,0.012,57781.5,1.0093,6,5.50653,0.48067,0.1065,0.055,0.0406,0.016,1.0,0.044
98,ASASSN-15jl,150,0.03512,0.00086,0.03492,1e-05,0.03468,1e-05,16.6286,0.167159,35.8816,0.169326,-9.0,0,1,-0.085933,0.031868,0.22915,0.15282,16.4189,0.0361909,0.00485786,0.000161927,-0.000305211,1.47e-08,-4.46e-06,230.671,50.9766,230.67151,50.97668,1.1913463357112868,-56.2292,250,0.0137576,8.79586,0.142,57166.0,0.2799,10,23.4804,0.00910557,0.0751,0.0541,0.0374,0.001,1.0,0.005
99,ASASSN-15tg,150,0.03529,0.00086,0.03445,6e-05,0.03561,6e-05,16.608,0.166424,35.861,0.1686,-9.0,0,1,-0.052529,0.034323,1.54158,0.2321,16.2518,0.040328,0.00566595,0.000210453,-0.000676349,-1.44e-06,-6.08e-06,5.171,25.229,5.173367,25.227957,8.57426799800189,-241.332,250,0.0247216,10.227,0.004,57361.4,0.451,7,15.6283,0.0287382,0.0869,0.0538,-0.0187,0.001,1.0,0.002
100,PTSS-16efw,150,0.03568,0.00086,0.03542,2e-05,0.03557,2e-05,16.981,0.186511,36.234,0.188455,-9.0,0,1,-0.125294,0.049018,-0.139619,0.15966,16.7345,0.12736,0.00363255,0.000426099,-0.00109002,5.78e-06,-1.7e-05,263.908,8.809,263.907803,8.810755,6.356751427547005,-76.0813,250,0.17693,9.96056,0.006,57509.6,0.7403,15,27.7843,0.0229589,0.0934,0.0533,0.0679,0.001,1.0,0.004
101,AT2016fbk,150,0.03576,0.00086,0.03495,1e-05,0.03587,1e-05,16.9015,0.22873,36.1545,0.230318,-9.0,0,0,0.086894,0.034901,-0.008242,0.13757,17.1389,0.0476671,0.00250296,0.000109887,-0.000178523,-2.04e-06,-3.11e-06,26.0272,34.3827,26.033841,34.387291,25.73781757328715,-233.258,250,0.0419285,10.7289,0.201,57625.2,0.1487,5,26.2989,7.81e-05,0.0801,0.0531,-0.0849,0.002,1.0,0.015
102,ASASSN-15mi,150,0.03585,0.00086,0.03501,0.0,0.03442,0.0,16.2985,0.202534,35.5515,0.204326,-9.0,0,1,-0.007576,0.032119,0.49532,0.1448,16.2652,0.0375196,0.00559656,0.000193399,-7.69e-05,-3.29e-06,-5.3e-06,210.815,41.6041,210.816174,41.603769,3.377485484446305,-241.958,250,0.018092,9.51083,0.297,57221.3,0.1801,8,49.0429,6.24e-08,0.0751,0.053,0.0108,0.001,1.0,0.01
103,ASASSN-15ss,150,0.03599,0.00087,0.03592,0.00012,0.03556,0.00012,16.7379,0.185228,35.9909,0.187185,-9.0,0,1,-0.120564,0.050478,0.79388,0.23176,16.3442,0.13425,0.00520366,0.000643411,0.000281829,-5.96e-06,-2.58e-05,93.1391,-14.2575,93.145013,-14.257758,20.652023209448952,-19.5249,250,0.19921,10.7564,0.104,57338.2,0.0534,8,10.8254,0.28787,0.1017,0.0534,0.0439,0.001,1.0,0.002
104,PS15bbn,150,0.03624,0.00087,0.03602,0.00012,0.0371,0.00012,16.9315,0.185288,36.1845,0.187245,-9.0,0,1,-0.047187,0.037277,1.50732,0.25123,16.6331,0.0620079,0.00398809,0.000227765,-0.00056526,3.08e-06,-6.51e-06,315.99,13.3684,,,,-64.0261,250,0.071218,7.94021,0.012,57213.9,0.5459,8,9.03538,0.33932,0.0884,0.0531,0.0175,0.001,1.0,0.005
105,ASASSN-15lu,150,0.03635,0.00086,0.03577,1e-05,0.03505,1e-05,16.7505,0.183273,36.0035,0.185251,-9.0,0,0,-0.041141,0.034646,-0.590345,0.23379,16.775,0.0407261,0.00349955,0.000131269,-0.00070698,3.22e-06,-3.9e-06,200.304,40.2657,200.303657,40.265765,0.9708442995499625,-168.232,250,0.0138128,9.65851,0.01,57199.4,0.3938,10,21.1199,0.020273,0.0848,0.0523,0.0122,0.001,1.0,0.006
106,ASASSN-16db,150,0.0373,0.00086,0.03589,1e-05,0.03486,1e-05,16.6168,0.187759,35.8698,0.18969,-9.0,0,1,0.016022,0.03646,-1.00742,0.15357,16.8165,0.0433864,0.00336814,0.000134592,-3.52e-05,-3.82e-06,-4.17e-06,167.357,29.5732,167.357504,29.56924,14.343075261669954,-408.932,250,0.0226062,10.678,0.013,57465.3,0.2439,13,24.5376,0.0265304,0.0848,0.051,-0.0508,0.001,1.0,0.006
107,AT2016hns,150,0.0374,0.00087,0.03704,6e-05,0.03817,6e-05,16.7259,0.16144,35.9789,0.163683,-9.0,0,1,-0.096867,0.035762,-1.00508,0.17591,16.6564,0.0545461,0.00390337,0.000196101,-0.000106342,-2.78e-06,-5.39e-06,324.921,24.4065,324.92207,24.405087,6.179006992136804,-105.312,250,0.0626788,10.4701,0.017,57697.5,0.2082,6,11.0277,0.0875225,0.0833,0.0514,0.0294,0.001,1.0,0.002
108,ASASSN-15bc,150,0.03753,0.00087,0.03639,0.0001,0.03672,0.0001,16.696,0.261217,35.949,0.262609,-9.0,0,1,0.056405,0.031777,0.56778,0.15933,16.8648,0.0426935,0.00322175,0.000126686,0.000228519,-3.07e-06,-3.31e-06,61.561,-8.8856,61.56162,-8.88644,3.742663856932747,-330.399,250,0.0374655,8.86694,0.011,57047.8,0.1656,10,4.13607,0.941,0.0724,0.0513,0.0257,0.002,1.0,0.022
109,AT2016cvw,150,0.03787,0.00087,0.03761,9e-05,0.03888,9e-05,16.7533,0.204884,36.0063,0.206656,-9.0,0,0,0.020595,0.043042,-1.83186,0.18447,17.0781,0.0664722,0.00264713,0.000162066,-0.000791206,-3.6e-07,-5.43e-06,341.553,10.5588,341.55171,10.55714,7.520322319634592,-75.0326,250,0.0679254,10.8943,0.001,57560.2,0.4345,12,15.1977,0.2308,0.0993,0.0508,-0.0616,0.001,1.0,0.007
110,SN2017ciy,150,0.03834,0.00136,0.03762,0.00105,0.03765,0.00105,17.2647,0.244319,36.5177,0.245806,-9.0,0,0,0.012273,0.038448,1.4631,0.2636,17.1524,0.0583619,0.00247202,0.000132879,-0.000601285,2.45e-06,-4.07e-06,256.029,25.0529,256.02804,25.055127,8.606831413033312,-206.067,250,0.05523,9.7066,0.001,57839.0,0.6148,4,18.7685,0.000872653,0.0908,0.0785,0.0132,0.002,1.0,0.013
111,ASASSN-15np,150,0.03884,0.00087,0.03832,5e-05,0.03768,5e-05,16.773,0.21784,36.026,0.219507,-9.0,0,1,0.05253,0.037158,-1.06429,0.23568,17.0748,0.0470874,0.00265511,0.00011515,-0.000348197,-8e-07,-3.13e-06,226.511,7.5615,226.511053,7.561634,0.518161239851828,-150.196,250,0.026422,10.1408,0.001,57241.7,0.0471,6,10.294,0.11281,0.0956,0.0496,-0.0701,0.001,1.0,0.01
112,ASASSN-15pn,150,0.03909,0.00087,0.038,0.0,0.03836,0.0,16.9432,0.219165,36.1962,0.220822,-9.0,0,0,0.001447,0.037809,0.38124,0.18136,16.9519,0.0653446,0.00297321,0.000178942,-0.000315106,-1.97e-06,-5.2e-06,60.8598,-5.492,60.85932,-5.491806,1.8564479607725366,-314.397,250,0.0810493,9.1308,0.096,57280.5,0.2904,10,12.898,0.22943,0.086,0.0493,0.0081,0.001,1.0,0.011
113,PS15cze,150,0.04035,0.00087,0.03891,2e-05,0.03937,2e-05,17.2956,0.233076,36.5486,0.234635,-9.0,0,1,0.030005,0.04777,-1.51168,0.24032,17.5972,0.12296,0.00164105,0.000185846,-0.000441142,-7.87e-07,-5.92e-06,56.8476,0.8772,56.847373,0.8755,6.174305443587088,-414.188,250,0.18478,10.4136,0.013,57364.3,0.1737,14,27.1304,0.0185153,0.1206,0.0477,-0.0666,0.001,1.0,0.007
114,SN2016glz,150,0.04077,0.00087,0.03975,7e-05,0.04099,7e-05,16.7388,0.208725,35.9918,0.210464,-9.0,0,0,-0.00329,0.036625,1.11871,0.26331,16.6259,0.0593439,0.00401467,0.000219433,0.000875018,-7.46e-06,-6.28e-06,1.4732,8.4302,1.473225,8.430166,0.15135651426335592,-294.353,250,0.0704579,9.40195,0.1,57664.5,0.3745,7,9.06196,0.24824,0.0845,0.0473,0.0099,0.001,1.0,0.011
115,PS16axi,150,0.04089,0.00087,0.04056,1e-05,0.0393,1e-05,16.8733,0.166662,36.1263,0.168835,-9.0,0,1,-0.028406,0.03884,-0.724985,0.18818,16.9177,0.0507428,0.00306839,0.000143404,-0.00163205,4.78e-06,-4.92e-06,162.03,0.1635,162.031168,0.167161,13.834089886216583,-93.2801,250,0.0338311,10.1805,0.001,57461.3,0.4706,14,23.7947,0.0485062,0.0895,0.0471,-0.0271,0.001,1.0,0.003
116,SN2017coa,150,0.04095,0.00312,0.04045,0.003,0.04,0.003,17.1574,0.305998,36.4104,0.307187,-9.0,0,0,-0.047302,0.038881,0.71195,0.31661,16.9721,0.0553568,0.00291836,0.000148794,-0.00064674,-8.53e-06,-4.44e-06,132.48,56.099,132.479948,56.09853,1.6952180370472638,-143.561,250,0.0556855,8.76499,0.03,57848.9,0.4776,5,8.14453,0.2277,0.105,0.1688,0.0137,0.001,1.0,0.005
117,AT2016htm,150,0.04289,0.00088,0.04265,0.00015,0.04332,0.00015,16.9488,0.160264,36.2018,0.162522,-9.0,0,1,-0.07832,0.032698,-0.466558,0.20121,16.8576,0.0374754,0.00324306,0.000111938,0.000703014,-4.59e-06,-3.15e-06,38.0109,-26.6659,38.005612,-26.665729,17.02316742003702,-67.4911,250,0.014586,9.40838,0.014,57702.6,0.1387,10,19.5976,0.033297,0.0762,0.0455,0.0298,0.001,1.0,0.005
118,ASASSN-16ct,150,0.04306,0.00087,0.04252,4e-05,0.04191,4e-05,16.9927,0.205288,36.2457,0.207056,-9.0,0,0,-0.001683,0.034256,1.47021,0.19608,16.8323,0.0476425,0.00331969,0.000145669,-0.00104702,1.99e-06,-4.02e-06,228.476,4.7573,228.476238,4.757202,0.923861610145324,-155.752,250,0.0456249,8.98925,0.053,57459.8,0.527,18,48.068,0.000147098,0.0835,0.0448,0.0093,0.002,1.0,0.011
119,SN2016ayg,150,0.04349,0.00088,0.04328,0.00012,0.04269,0.00012,17.1635,0.163855,36.4165,0.166064,-9.0,0,0,-0.128598,0.035377,-0.263111,0.16628,16.9244,0.0471253,0.00304954,0.000132362,0.000164948,-4.48e-06,-3.75e-06,112.572,25.0321,112.571929,25.031539,2.032834442150989,-60.5626,250,0.0420161,8.05522,0.099,57467.6,0.1487,7,19.715,0.00621943,0.0828,0.0449,0.0674,0.002,1.0,0.004
120,MASTERJ0134,150,0.04369,0.00087,0.04391,4e-05,0.04485,4e-05,17.0064,0.175714,36.2594,0.177777,-9.0,0,1,-0.070549,0.043894,0.40246,0.20036,16.8032,0.0648028,0.00340972,0.000203511,-0.000363909,2.06e-06,-7.79e-06,23.5627,-17.8121,23.5619,-17.81042,6.640530991333552,60.6481,250,0.0176115,9.19675,0.002,57665.8,0.6587,5,2.51605,0.86667,0.0911,0.0442,0.0219,0.001,1.0,0.005
121,ASASSN-15mg,150,0.04408,0.00087,0.04307,1e-05,0.04277,1e-05,17.0768,0.179185,36.3298,0.181208,-9.0,0,1,-0.044881,0.037229,-1.55653,0.1597,17.233,0.0435214,0.002295,9.2e-05,-0.000679711,-1.12e-06,-2.84e-06,233.094,41.8504,233.094236,41.849941,1.7694429631688395,-289.796,250,0.0278557,9.84386,0.029,57218.1,0.1421,12,9.16036,0.68918,0.0905,0.0438,0.013,0.002,1.0,0.005
122,AT2016cvv,150,0.04438,0.00096,0.04404,0.0004,0.04457,0.0004,17.2939,0.229619,36.5469,0.231201,-9.0,0,1,0.054703,0.043587,1.47222,0.33066,17.2196,0.0741287,0.00232353,0.000158639,-0.00449484,1.09e-05,-5.57e-06,290.12,54.2087,290.126313,54.211369,16.400357048047933,-97.4435,250,0.0886039,11.4594,0.034,57558.1,0.7166,9,24.2621,0.00390558,0.112,0.048,-0.0786,0.002,1.0,0.01
123,PS16cqa,150,0.04521,0.00087,0.04433,1e-05,0.04385,1e-05,17.4336,0.303723,36.6866,0.304921,-9.0,0,0,0.17268,0.058588,-2.74165,0.34485,18.2514,0.0784875,0.000898303,6.49e-05,-0.00205844,4.37e-06,-3.39e-06,234.779,9.2946,234.77881,9.29616,5.656422181954628,-252.758,250,0.0339602,10.6243,0.001,57545.2,0.7199,10,20.7844,0.0226481,0.1287,0.0427,-0.173,0.022,1.0,0.021
124,PSNJ1204051,150,0.04545,0.00087,0.04502,1e-05,0.04385,1e-05,17.2011,0.1944,36.4541,0.196266,-9.0,0,1,0.035848,0.036042,1.28783,0.2333,17.1026,0.0429148,0.00258792,0.00010229,-0.000430174,-1.79e-06,-3.05e-06,181.021,14.0681,181.022551,14.065552,10.652469182584179,-123.442,250,0.0270148,10.0939,0.002,57170.3,0.4117,8,14.7588,0.0640083,0.0904,0.0425,-0.0717,0.001,1.0,0.008
125,SN2016esh,150,0.04583,0.00087,0.04488,3e-05,0.04457,3e-05,16.9049,0.180751,36.1579,0.182756,-9.0,0,0,-0.11222,0.040234,-1.2223,0.27035,16.8475,0.0494449,0.00327349,0.000149076,0.00108353,-1.49e-05,-4.95e-06,241.06,16.6902,241.059862,16.690235,0.4922728244505554,-273.17,250,0.0306493,9.49048,0.007,57613.3,0.2299,7,13.8984,0.0530181,0.0992,0.0421,0.0569,0.002,1.0,0.004
126,PS17tn,150,0.0459,0.00087,0.04549,1e-05,0.0447,1e-05,17.1281,0.194137,36.3811,0.196005,-9.0,0,0,0.043621,0.035116,-0.608838,0.17911,17.3349,0.0393862,0.00208955,7.58e-05,-0.000131069,-2.15e-06,-2.24e-06,145.807,41.3173,145.80508,41.31628,6.358791549432175,-116.657,250,0.0145025,10.2394,0.001,57785.4,0.26,7,17.0329,0.0171853,0.0853,0.0421,-0.0703,0.001,1.0,0.008
127,AT2016ews,150,0.04631,0.00087,0.04612,1e-05,0.04555,1e-05,17.2864,0.156917,36.5394,0.159223,-9.0,0,0,-0.15924,0.036857,1.0445,0.22071,16.7729,0.0482526,0.00350616,0.000155822,0.00148121,-1.2e-05,-4.7e-06,225.652,23.3528,225.659133,23.350542,24.937488948164994,-54.4087,250,0.0380688,10.3881,0.005,57619.9,0.1981,6,12.1392,0.0589341,0.0845,0.0417,0.0806,0.002,1.0,0.001
128,AT2017yk,150,0.04691,0.00089,0.04764,0.00015,0.04644,0.00015,17.5052,0.279376,36.7582,0.280677,-9.0,0,1,0.15152,0.04244,-0.599325,0.5657,17.9803,0.0524477,0.00115316,5.57e-05,0.00524052,-1.23e-05,-1.99e-06,146.133,-12.3082,146.133918,-12.30656,6.729241744319641,207.291,250,0.0295285,10.0803,0.003,57788.7,0.4718,4,7.71655,0.10253,0.1183,0.0421,-0.1343,0.004,1.0,0.019
129,2016afk,150,0.04738,0.00087,0.04677,1e-05,0.0456,1e-05,17.3112,0.227553,36.5642,0.229149,-9.0,0,0,0.03245,0.037705,-0.290903,0.22075,17.5003,0.0534497,0.00179427,8.83e-05,0.00189554,-4.06e-06,-2.77e-06,155.625,15.0966,155.624638,15.096281,1.7035122009870818,-172.356,250,0.049836,9.44086,0.002,57440.7,0.3118,13,33.7728,0.00130294,0.0784,0.0408,-0.0066,0.003,1.0,0.016
130,PS16fa,150,0.0476,0.00087,0.04734,1e-05,0.04611,1e-05,17.3479,0.159417,36.6009,0.161688,-9.0,0,1,-0.002868,0.032797,-0.651798,0.11284,17.4422,0.0384533,0.00189294,6.7e-05,-0.000429945,4.25e-08,-1.86e-06,154.819,4.7617,154.823301,4.763066,16.194818035479138,-74.0873,250,0.0218181,10.2881,0.013,57400.3,0.2188,18,18.7882,0.40497,0.0763,0.0406,-0.0454,0.001,1.0,0.004
131,PS15aii,150,0.04777,0.00087,0.04768,1e-05,0.04655,1e-05,17.3416,0.142856,36.5946,0.145385,-9.0,0,1,-0.060972,0.033404,0.34871,0.14261,17.1377,0.0388066,0.00250558,8.96e-05,0.000214057,-2.28e-06,-2.52e-06,191.19,9.7597,191.19001,9.75731,8.604073231416363,-26.3507,250,0.022432,10.3823,0.012,57159.1,0.1757,9,8.88446,0.44801,0.0772,0.0405,-0.0163,0.001,1.0,0.002
132,PS17akj,150,0.04777,0.00087,0.0478,1e-05,0.04681,1e-05,17.3097,0.207053,36.5627,0.208806,-9.0,0,1,-0.060006,0.03815,1.35352,0.24805,16.9973,0.0505932,0.00285151,0.000132875,-0.000149382,-8.47e-06,-1.93e-06,207.455,-3.08,207.454459,-3.080145,2.0136252297620443,8.6079,250,0.0442696,8.85712,0.005,57798.8,0.2989,9,18.8331,0.0266502,0.1199,0.0405,0.0204,0.001,1.0,0.005
133,ATLAS16agv,150,0.04819,0.00089,0.04777,0.00017,0.04779,0.00017,17.2446,0.16366,36.4976,0.165873,-9.0,0,0,-0.094154,0.033949,1.32221,0.2059,16.8529,0.0396472,0.00325704,0.000118935,-0.0003622,-8.85e-07,-3.36e-06,250.29,50.9724,,,,-119.844,250,0.0211503,9.10622,0.1,57470.0,0.3631,10,22.6439,0.0121402,0.0837,0.041,0.0421,0.001,1.0,0.004
134,ASASSN-15pm,150,0.04837,0.00089,0.04777,0.00015,0.04879,0.00015,17.1205,0.152367,36.3735,0.154741,-9.0,0,1,-0.058198,0.034851,-0.070478,0.17495,16.9899,0.0417811,0.00287103,0.000110482,-0.000636284,-6.76e-07,-3.17e-06,24.6504,-4.6798,24.652981,-4.682696,13.944601676004549,-170.031,250,0.0276521,10.292,0.097,57278.7,0.3623,10,11.0193,0.35602,0.0853,0.0409,-0.0134,0.001,1.0,0.002
135,AT2016gmg,150,0.04865,0.00088,0.04839,0.00011,0.04944,0.00011,17.388,0.179443,36.641,0.181462,-9.0,0,0,-0.048298,0.047876,-1.82133,0.27784,17.5328,0.0895428,0.00174141,0.000143618,0.00111469,-6.15e-06,-5.28e-06,320.924,33.1147,320.92087,33.118868,17.726040944997763,-72.714,250,0.11756,10.9955,0.001,57662.2,0.2542,8,24.5157,0.00187704,0.1067,0.0402,-0.027,0.001,1.0,0.002
136,PS16el,150,0.0494,0.00087,0.04896,1e-05,0.0478,1e-05,17.2161,0.174923,36.4691,0.176995,-9.0,0,1,-0.040141,0.03829,-1.31125,0.15007,17.3414,0.0476096,0.00207709,9.11e-05,-0.000912862,-5.97e-08,-3.02e-06,162.802,19.3625,162.802182,19.363396,3.284295059749822,-126.334,250,0.0333659,9.98418,0.001,57394.9,0.2031,18,15.9332,0.59721,0.0886,0.0392,0.0035,0.003,1.0,0.005
137,PS15asb,150,0.04989,0.00094,0.04952,0.00033,0.04863,0.00033,17.2184,0.183555,36.4714,0.18553,-9.0,0,1,0.00342,0.040271,-1.52138,0.24469,17.4425,0.0533577,0.00189234,9.3e-05,-0.000353429,1.17e-06,-2.97e-06,215.085,-9.3009,,,,-107.07,250,0.0456489,10.2884,0.1,57194.3,0.4849,8,11.995,0.15143,0.0962,0.0419,-0.0633,0.001,1.0,0.005
138,PS16dnp,150,0.05023,0.00088,0.04998,3e-05,0.05127,3e-05,17.6053,0.160978,36.8583,0.163226,-9.0,0,1,-0.094383,0.037287,0.80899,0.24012,17.2868,0.0643366,0.00218412,0.000129423,-0.000235212,3.64e-07,-3.84e-06,344.915,2.1498,344.915105,2.149748,0.42158564600704,-70.9704,250,0.0790465,8.04941,0.285,57598.0,0.3558,16,27.0462,0.0409721,0.0839,0.039,0.0403,0.001,1.0,0.004
139,ASASSN-17eb,150,0.05044,0.00088,0.0497,1e-05,0.04924,1e-05,17.2091,0.200082,36.4621,0.201896,-9.0,0,0,0.044908,0.040031,-1.50448,0.18454,17.5333,0.0549308,0.00174045,8.81e-05,-0.00129347,3.08e-06,-2.84e-06,234.642,13.3478,234.63959,13.345192,12.625826056892354,-213.562,250,0.0354671,10.8378,0.0,57836.8,0.5604,5,2.18367,0.82319,0.0936,0.0388,-0.089,0.002,1.0,0.008
140,PS15brr,150,0.05049,0.00088,0.05063,9e-05,0.0518,9e-05,17.2931,0.189043,36.5461,0.190961,-9.0,0,0,-0.07921,0.041645,0.69604,0.26825,17.0267,0.0576714,0.00277538,0.000147421,0.00118509,-9.71e-06,-4.1e-06,358.356,-15.6545,358.359248,-15.656089,12.628882549436224,40.2678,250,0.0276298,9.68818,0.013,57259.6,0.5965,7,13.8469,0.0858438,0.1077,0.0388,0.0288,0.001,1.0,0.004
141,AT2016cor,150,0.05066,0.00088,0.04995,3e-05,0.04954,3e-05,17.5993,0.30135,36.8523,0.302557,-9.0,0,0,0.13877,0.035495,-0.547169,0.28855,18.1221,0.0433095,0.00101192,4.04e-05,0.000526387,-4.6e-07,-1.22e-06,236.13,16.3035,236.13116,16.3039,4.258901116707426,-201.718,250,0.0266385,9.59462,0.014,57541.8,0.2757,16,23.3433,0.10486,0.0854,0.0387,-0.0394,0.011,1.0,0.033
142,PS16fbb,150,0.05106,0.00088,0.05139,0.0001,0.0525,0.0001,17.6274,0.166181,36.8804,0.16836,-9.0,0,1,-0.114949,0.038673,0.64076,0.25359,17.2831,0.0435965,0.00219154,8.8e-05,0.00194225,-6.89e-06,-2.9e-06,1.7631,-20.6968,1.761995,-20.697234,4.035956685562965,91.7398,250,0.0176234,8.77965,0.014,57719.5,0.227,5,14.1608,0.0146196,0.0892,0.0384,0.0533,0.001,1.0,0.004
143,ASASSN-16hc,150,0.05151,0.00088,0.05165,1e-05,0.05093,1e-05,17.3332,0.154491,36.5862,0.156832,-9.0,0,1,-0.078777,0.034222,1.2185,0.27674,16.9633,0.0377,0.0029422,0.000102162,-0.000447717,1.1e-06,-2.95e-06,209.768,33.139,209.76645,33.13823,5.432811896193838,40.677,250,0.0124845,10.7547,0.001,57582.4,0.4507,9,26.0474,0.00200681,0.0887,0.038,0.0011,0.001,1.0,0.002
144,AT2016htn,150,0.05222,0.00089,0.05229,0.00015,0.05312,0.00015,17.5881,0.216572,36.8411,0.218249,-9.0,0,1,0.077106,0.037473,-0.150879,0.35045,17.7995,0.0439154,0.00136201,5.51e-05,0.00191453,-5.06e-06,-1.76e-06,32.8711,-16.5102,32.86752,-16.511272,12.945213367501818,20.9412,250,0.0231814,10.2648,0.001,57701.3,0.3156,6,5.59944,0.46952,0.0937,0.038,-0.1016,0.003,1.0,0.011
145,PS16evk,150,0.05262,0.00088,0.0532,1e-05,0.05447,1e-05,17.6614,0.205745,36.9144,0.207509,-9.0,0,1,-0.030061,0.042688,1.53705,0.34236,17.4023,0.0662794,0.0019637,0.000119875,-0.00171829,2.18e-06,-3.89e-06,338.344,-1.357,338.347274,-1.357454,11.895904942652635,165.11,250,0.0613596,9.93232,0.001,57694.6,0.8721,7,5.80398,0.66918,0.1109,0.0372,0.0082,0.002,1.0,0.006
146,PS16n,150,0.05309,0.00088,0.05268,2e-05,0.05273,2e-05,17.5222,0.159497,36.7752,0.161766,-9.0,0,0,-0.060269,0.042756,-0.327907,0.20022,17.4272,0.0634849,0.00191923,0.000112221,-0.000175809,-2.53e-06,-4.02e-06,75.9333,3.4125,75.932623,3.411851,3.3730800874091487,-119.126,250,0.0658894,10.0228,0.038,57392.5,0.2132,14,23.0501,0.0594592,0.0944,0.0369,-0.0094,0.001,1.0,0.002
147,PS16bby,150,0.05468,0.00088,0.0543,8e-05,0.05343,8e-05,17.5797,0.176852,36.8327,0.178902,-9.0,0,0,0.002451,0.042113,-0.806099,0.23467,17.7042,0.0751421,0.00148702,0.000102915,0.000857754,-3.49e-06,-3.3e-06,215.075,-22.189,215.07075,-22.188528,14.268491891090834,-108.878,250,0.0992413,10.4871,0.002,57466.8,0.2128,13,16.1329,0.24203,0.0943,0.0359,-0.0544,0.001,1.0,0.004
148,PS16ayd,150,0.05469,0.00088,0.05485,1e-05,0.05399,1e-05,17.6051,0.147136,36.8581,0.149593,-9.0,0,1,-0.131506,0.034098,0.92156,0.20705,17.1682,0.0457552,0.00243624,0.000102668,0.000413598,-5.85e-07,-2.92e-06,216.826,-1.6753,216.828615,-1.678418,14.647308187358776,45.7329,250,0.0417231,10.4328,0.024,57460.8,0.3889,16,29.796,0.019089,0.0762,0.0359,0.0533,0.002,1.0,0.001
149,SN2017cpu,150,0.05502,0.00088,0.05529,1e-05,0.0544,1e-05,17.3903,0.173333,36.6433,0.175423,-9.0,0,0,-0.060611,0.037778,0.75323,0.34236,17.1232,0.0434413,0.00253942,0.000101604,-0.00231699,2.54e-06,-3.21e-06,211.969,9.642,211.969621,9.641272,3.424368352827493,78.2932,250,0.0237689,10.521,0.001,57847.7,0.6307,5,9.61243,0.14195,0.1068,0.0357,-0.021,0.001,1.0,0.002
150,AT2017oz,150,0.05614,0.00088,0.05641,1e-05,0.05569,1e-05,17.5579,0.191265,36.8109,0.193162,-9.0,0,0,-0.021953,0.037063,-0.067616,0.32015,17.5379,0.040845,0.00173318,6.52e-05,0.0011981,-6.32e-06,-2.05e-06,211.673,30.3188,211.673048,30.318499,1.0938163577633602,78.8558,250,0.0108363,9.48953,0.014,57788.0,0.3118,6,10.972,0.0892455,0.0958,0.035,-0.0145,0.002,1.0,0.007
151,PS16aer,150,0.05693,0.00088,0.05668,1e-05,0.05547,1e-05,17.7863,0.174228,37.0393,0.176308,-9.0,0,1,0.031526,0.035407,-0.052972,0.22047,17.8625,0.0419402,0.00128529,4.96e-05,0.00116085,-3.17e-06,-1.53e-06,163.742,14.2716,163.745204,14.271672,11.181428954991512,-71.0523,250,0.020118,10.2711,0.012,57434.1,0.1555,18,27.1974,0.0753673,0.0809,0.0345,-0.0815,0.002,1.0,0.006
152,SN2016gmb,150,0.0583,0.00089,0.05708,8e-05,0.05827,8e-05,17.7015,0.180838,36.9545,0.182842,-9.0,0,1,-0.099359,0.043751,1.1287,0.28748,17.3271,0.0696605,0.00210451,0.000135024,-0.00325498,1.15e-05,-4.75e-06,8.6861,-6.1589,8.687177,-6.159932,5.3537203508869835,-343.702,250,0.0292604,9.39885,0.003,57656.5,1.0332,9,8.85707,0.54572,0.1051,0.0341,0.047,0.002,1.0,0.003
153,SN2017cjv,150,0.06092,0.0009,0.06079,0.00014,0.05953,0.00014,17.779,0.175525,37.032,0.17759,-9.0,0,0,-0.112822,0.040446,-1.26761,0.30792,17.7058,0.0444551,0.00148481,6.08e-05,-0.00106765,-3.75e-07,-1.94e-06,152.69,-3.7775,152.690047,-3.778907,5.068011951191755,-37.2838,250,0.02597,10.6078,0.013,57839.9,0.5871,6,12.8607,0.0453016,0.1095,0.033,0.0363,0.001,1.0,0.001
154,SN2016hhv,150,0.06121,0.0009,0.06067,0.00014,0.06194,0.00014,17.8853,0.196159,37.1383,0.198009,-9.0,0,0,-0.182466,0.053224,-0.771196,0.38634,17.6183,0.0909773,0.00160949,0.000134864,-0.00911167,3.36e-05,-7.43e-06,353.952,20.7088,353.949476,20.707407,9.868506475675764,-151.965,250,0.0510693,10.7875,0.002,57691.9,1.2748,4,7.20033,0.12567,0.1141,0.0329,0.131,0.005,1.0,0.001
155,SN2016aqb,150,0.06384,0.00089,0.06419,4e-05,0.06289,4e-05,17.7667,0.153498,37.0197,0.155855,-9.0,0,0,-0.102702,0.034024,0.76814,0.26055,17.4334,0.0419114,0.00190824,7.37e-05,0.000323877,-2.84e-06,-2.1e-06,170.493,-13.9837,170.491346,-13.980331,13.434401156549093,100.695,250,0.0323363,9.62423,0.013,57450.5,0.2241,16,15.7711,0.46905,0.0844,0.0312,0.0452,0.002,1.0,0.003
156,PS16bnz,150,0.06446,0.00091,0.06398,0.00021,0.0627,0.00021,17.8256,0.15205,37.0786,0.154429,-9.0,0,0,-0.138069,0.036947,-1.13602,0.22345,17.6896,0.0450032,0.00150712,6.25e-05,0.000570795,-2.96e-06,-1.83e-06,155.154,-2.4668,155.14637,-2.46836,28.011281935851503,-135.381,250,0.0379388,11.2932,0.0,57487.5,0.173,11,8.74371,0.64554,0.0901,0.0316,0.071,0.002,1.0,0.001
157,PS15cms,150,0.06627,0.00089,0.06603,3e-05,0.06479,3e-05,18.1087,0.201511,37.3617,0.203312,-9.0,0,1,-0.020643,0.043274,1.37281,0.3396,17.8457,0.0492683,0.00130527,5.92e-05,-0.00440596,2.17e-07,-2.03e-06,149.646,0.743,149.64744,0.742781,5.243178589702898,-69.583,250,0.0224483,10.4286,0.001,57325.9,0.6642,12,7.54254,0.81978,0.1281,0.0301,-0.049,0.002,1.0,0.002
158,SN2016ixf,150,0.06711,0.0009,0.06723,0.00011,0.06602,0.00011,18.1707,0.192528,37.4237,0.194412,-9.0,0,1,-0.114194,0.043204,0.79391,0.35403,17.8074,0.0533693,0.00135219,6.65e-05,-0.00339892,4.68e-06,-2.29e-06,159.936,15.0347,159.935561,15.034654,1.5352550015275201,32.3162,250,0.0293128,9.99601,0.018,57742.6,0.7832,6,19.916,0.0028663,0.1185,0.0301,0.0545,0.002,1.0,0.003
159,AT2016aj,150,0.06725,0.00089,0.06731,5e-05,0.06741,5e-05,17.9814,0.201202,37.2344,0.203006,-9.0,0,0,0.013964,0.044254,-1.03989,0.35339,18.1501,0.0528724,0.000986181,4.8e-05,-0.000667131,-1.62e-06,-1.7e-06,70.6025,-21.7244,70.60221,-21.72539,3.6936015597255594,17.2632,250,0.041363,10.7026,0.0,57442.9,0.4142,8,11.9799,0.1521,0.1174,0.0297,-0.0803,0.002,1.0,0.004
160,PS15bjg,150,0.06786,0.00089,0.06758,1e-05,0.06889,1e-05,18.2405,0.188576,37.4935,0.190499,-9.0,0,0,-0.147356,0.047614,-0.875725,0.25676,18.0541,0.0696089,0.00107734,6.91e-05,1.62e-05,-4.01e-06,-2.44e-06,343.793,-0.4102,343.791744,-0.409331,5.4982460493395635,-77.8014,250,0.0792819,11.2378,0.001,57239.2,0.2091,8,20.9004,0.0074168,0.118,0.0294,0.0877,0.003,1.0,0.001
161,CSS160129,150,0.06844,0.00134,0.06841,0.001,0.06766,0.001,17.9851,0.189306,37.2381,0.191221,-9.0,0,0,-0.166092,0.038661,0.68966,0.19472,17.5247,0.0527968,0.00175442,8.53e-05,-0.00133029,-7.56e-07,-1.95e-06,115.123,10.9333,,,,-8.7606,250,0.0324758,8.86459,0.1,57416.2,0.045,12,13.5072,0.40944,0.1086,0.0439,0.1025,0.005,1.0,0.002
162,PTSS17-niq,150,0.06897,0.00089,0.0691,1e-05,0.06828,1e-05,18.0287,0.172038,37.2817,0.174144,-9.0,0,0,-0.041041,0.040784,-0.597985,0.32918,18.0142,0.048576,0.00111772,5e-05,-0.00265013,3.93e-06,-1.65e-06,215.069,15.3417,215.067375,15.344239,10.741203374159708,35.4616,250,0.020456,10.6052,0.001,57842.4,0.7292,7,17.1745,0.0163048,0.1096,0.029,-0.0282,0.002,1.0,0.001
163,PS17yt,150,0.07073,0.00089,0.07046,2e-05,0.06976,2e-05,18.2257,0.174101,37.4787,0.176182,-9.0,0,0,-0.154333,0.037631,0.40963,0.27097,17.8232,0.039969,0.00133269,4.91e-05,-0.000341055,-4.13e-06,-1.47e-06,150.992,49.0412,150.995281,49.038706,11.855968878947595,-73.4287,250,0.00918051,9.95752,0.1,57786.6,0.2175,8,11.8641,0.15737,0.1032,0.0283,0.0827,0.004,1.0,0.002
164,PS16em,150,0.07083,0.00091,0.07113,0.00017,0.06981,0.00017,18.2284,0.446252,37.4814,0.447068,-9.0,0,0,0.19617,0.095695,-0.938437,0.18326,18.7988,0.15293,0.000542595,7.64e-05,0.000331296,-5.77e-07,-3.07e-06,163.892,-3.3663,163.890982,-3.367476,5.595336574914094,84.9082,250,0.0366953,10.0881,0.002,57386.1,1.3277,31,35.7855,0.25373,0.2715,0.0289,-0.227,0.011,1.0,0.016
165,ATLAS16bwu,150,0.07091,0.00089,0.07074,6e-05,0.0718,6e-05,18.1182,0.226654,37.3712,0.228257,-9.0,0,0,0.042792,0.03957,0.10725,0.29441,18.238,0.0450749,0.000909529,3.78e-05,-0.000845382,4.66e-07,-1.27e-06,18.5927,-13.1531,18.594708,-13.154417,8.486956097567043,-47.7797,250,0.0186687,9.63137,0.017,57609.2,0.5125,8,11.9512,0.1534,0.1005,0.0282,-0.0491,0.005,1.0,0.013
166,PS15bdr,150,0.07116,0.00089,0.07094,1e-05,0.07096,1e-05,18.1022,0.194143,37.3552,0.196012,-9.0,0,0,-0.007798,0.044806,-2.30724,0.25964,18.3636,0.0457289,0.000810159,3.41e-05,-0.00117266,-1.58e-06,-1.25e-06,253.706,36.7252,253.705566,36.727549,8.548617738541019,-60.5418,250,0.0137885,10.5352,0.001,57215.8,0.1744,14,9.64479,0.78766,0.1187,0.0281,-0.1073,0.005,1.0,0.003
167,PS15bwh,150,0.07158,0.00099,0.07149,0.00043,0.07267,0.00043,17.9964,0.158791,37.2494,0.16107,-9.0,0,1,-0.081314,0.037564,0.71915,0.21376,17.6874,0.0416184,0.00151018,5.79e-05,-0.00119804,-2.16e-06,-1.77e-06,352.644,-18.8915,,,,-27.116,250,0.0247259,10.6434,0.1,57279.0,0.1461,12,12.0761,0.43959,0.0996,0.0311,-0.0038,0.002,1.0,0.001
168,PS15mt,150,0.07193,0.0009,0.07193,9e-05,0.07085,9e-05,18.3088,0.178788,37.5618,0.180815,-9.0,0,0,-0.075972,0.036821,1.6136,0.30109,17.9245,0.0387218,0.00121393,4.33e-05,-0.000999856,-2.89e-06,-1.24e-06,148.684,23.1981,148.684439,23.197789,1.8340162547363343,-2.2308,250,0.0211722,8.92458,0.047,57105.8,0.2918,8,10.9257,0.20595,0.1063,0.0281,0.0363,0.003,1.0,0.003
169,PS15atx,150,0.07252,0.00093,0.07301,0.00027,0.07188,0.00027,18.3695,0.303565,37.6225,0.304764,-9.0,0,0,-0.180099,0.056028,-1.43738,0.89472,18.1952,0.0833423,0.000946063,7.26e-05,-0.00481805,-1.65e-06,-2.98e-06,195.827,-23.0658,195.827881,-23.065757,2.922150342383592,136.355,250,0.10591,10.2531,0.001,57192.9,1.091,7,17.686,0.0237078,0.1955,0.0288,0.1181,0.007,1.0,0.001
170,Gaia16aki,150,0.07393,0.0009,0.07398,1e-05,0.07363,1e-05,18.3005,0.174425,37.5535,0.176502,-9.0,0,1,-0.087634,0.039528,0.59125,0.24591,18.0217,0.0483116,0.00110996,4.94e-05,-0.00261645,1.89e-06,-1.55e-06,239.794,14.6416,239.793233,14.641577,2.672817618975109,15.2964,250,0.03679,9.48062,0.013,57490.7,0.5723,34,61.2757,0.00281181,0.1051,0.0274,0.027,0.002,1.0,0.003
171,PS17bii,150,0.07446,0.0009,0.07467,2e-05,0.07339,2e-05,18.1971,0.190211,37.4501,0.192118,-9.0,0,1,-0.096392,0.046147,-0.890865,0.37518,18.1038,0.0610157,0.00102917,5.78e-05,-0.000339057,-3.79e-06,-1.98e-06,171.409,7.3336,171.409888,7.334449,4.403927326974977,58.3422,250,0.0661965,10.167,0.002,57811.8,0.3857,10,20.1152,0.028182,0.1254,0.0272,0.0209,0.002,1.0,0.001
172,AT2016gsu,150,0.07575,0.0009,0.07529,6e-05,0.07642,6e-05,18.2931,0.215486,37.5461,0.217171,-9.0,0,0,-0.113501,0.047352,-1.91024,0.56839,18.3234,0.0527962,0.000840729,4.09e-05,0.00184845,-4.95e-06,-1.49e-06,17.1024,21.1516,17.10221,21.15181,0.9891788304874127,-129.563,250,0.0412907,9.75909,0.002,57671.2,0.5204,8,14.8491,0.0621465,0.1399,0.0267,0.047,0.008,1.0,0.003
173,PS15bif,150,0.07845,0.00094,0.07855,0.00027,0.07937,0.00027,18.3185,0.147949,37.5715,0.150392,-9.0,0,0,-0.025674,0.034789,0.31647,0.29993,18.2219,0.0569696,0.00092306,4.84e-05,0.00420445,-5.18e-06,-1.41e-06,305.074,-23.7435,,,,27.7549,250,0.060912,9.58141,0.003,57234.1,0.2451,20,32.6124,0.0371941,0.0672,0.027,-0.0229,0.003,1.0,0.005
174,Gaia16acv,150,0.07859,0.0009,0.07833,0.0001,0.07772,0.0001,18.5785,0.143561,37.8315,0.146078,-9.0,0,0,-0.158189,0.03143,0.56816,0.28287,18.1412,0.039335,0.000994257,3.6e-05,0.00108081,-2.47e-06,-9.59e-07,179.957,54.8022,179.957521,54.801986,1.3275148273477408,-72.0818,250,0.0102858,8.87001,0.093,57434.9,0.4251,29,45.7054,0.0250965,0.078,0.0258,0.0833,0.004,1.0,0.002
175,PS15bzz,150,0.07931,0.0009,0.07901,1e-05,0.08024,1e-05,18.277,0.14472,37.53,0.147217,-9.0,0,1,-0.017322,0.032914,-0.914595,0.23732,18.3565,0.0435549,0.000815449,3.27e-05,-0.000348888,-5.62e-07,-8.36e-07,9.4247,1.7628,9.423138,1.76718,16.73977963491556,-83.7337,250,0.0172497,10.4626,0.053,57284.3,0.5886,25,35.929,0.072684,0.0846,0.0256,-0.0543,0.002,1.0,0.002
176,SN2016glp,150,0.0841,0.00091,0.08366,0.00012,0.08493,0.00012,18.7156,0.219943,37.9686,0.221594,-9.0,0,1,0.13583,0.043539,0.96912,0.35372,18.8788,0.0668359,0.000504065,3.1e-05,0.00344815,-4.51e-06,-1.19e-06,354.058,23.696,354.05819,23.695907,0.7101977196289614,-121.995,250,0.0456357,10.5245,0.014,57658.8,0.2287,30,51.9536,0.00770469,0.096,0.0244,-0.1663,0.009,1.0,0.011
177,SN2016grz,150,0.08704,0.00103,0.08656,0.0005,0.08748,0.0005,18.5954,0.215122,37.8484,0.21681,-9.0,0,1,0.0535,0.038526,0.81158,0.42443,18.6515,0.0527016,0.000621466,3.02e-05,0.00409971,-3.69e-06,-9.76e-07,28.8874,33.8229,28.887566,33.822604,1.1755689664978828,-133.261,250,0.0425884,8.99392,0.027,57670.6,0.598,11,13.8319,0.24244,0.0923,0.0268,-0.042,0.007,1.0,0.012
178,iPTF17dz,150,0.09293,0.01004,0.09284,0.01,0.092,0.01,18.9696,0.492553,38.2226,0.493293,-9.0,0,1,0.11392,0.084127,1.72317,1.05757,19.0785,0.17485,0.000419383,6.75e-05,0.0426549,-5.49e-05,-5.14e-06,126.107,24.9978,126.106985,24.997716,0.306342550446095,-26.3455,250,0.0248646,8.80725,0.138,57767.8,0.9785,20,23.7412,0.30576,0.2082,0.245,-0.0416,0.021,1.0,0.016
